payment_id,order_id,amount_paise,method,status,captured_at
PAY_00001,ORD_00001,253478,upi,captured,2026-07-01T11:08:47
PAY_00002,ORD_00002,234947,upi,captured,2026-07-01T09:37:27
PAY_00003,ORD_00003,86653,upi,captured,2026-07-01T16:38:01
PAY_00004,ORD_00004,1197016,upi,captured,2026-07-01T16:26:14
PAY_00005,ORD_00005,962059,upi,captured,2026-07-01T08:48:51
PAY_00006,ORD_00006,354829,upi,captured,2026-07-01T10:13:48
PAY_00007,ORD_00007,725889,upi,captured,2026-07-01T13:54:22
PAY_00008,ORD_00008,1286105,upi,failed,2026-07-01T15:34:07
PAY_00009,ORD_00009,813844,upi,captured,2026-07-01T18:39:56
PAY_00010,ORD_00010,778403,upi,captured,2026-07-01T08:42:14
PAY_00011,ORD_00011,626890,netbanking,captured,2026-07-01T21:06:24
PAY_00012,ORD_00012,602952,upi,captured,2026-07-01T10:23:22
PAY_00013,ORD_00013,459368,upi,captured,2026-07-01T18:41:04
PAY_00014,ORD_00014,1297440,upi,captured,2026-07-01T11:10:29
PAY_00015,ORD_00015,815775,upi,captured,2026-07-01T19:35:14
PAY_00016,ORD_00016,1455740,upi,captured,2026-07-01T08:14:52
PAY_00017,ORD_00017,87319,card,captured,2026-07-01T09:13:58
PAY_00018,ORD_00018,1209462,card,captured,2026-07-01T18:31:25
PAY_00019,ORD_00019,1368158,upi,captured,2026-07-01T11:47:35
PAY_00020,ORD_00020,1150317,upi,captured,2026-07-01T17:25:23
PAY_00021,ORD_00021,479948,netbanking,captured,2026-07-01T15:05:48
PAY_00022,ORD_00022,118810,card,captured,2026-07-01T10:50:43
PAY_00023,ORD_00023,905333,upi,captured,2026-07-01T17:29:33
PAY_00024,ORD_00024,547253,netbanking,captured,2026-07-01T08:43:46
PAY_00025,ORD_00025,260232,upi,captured,2026-07-01T12:49:41
PAY_00026,ORD_00026,733399,upi,captured,2026-07-01T15:00:46
PAY_00027,ORD_00027,572366,netbanking,captured,2026-07-01T16:58:06
PAY_00028,ORD_00028,1331349,upi,captured,2026-07-01T17:12:09
PAY_00029,ORD_00029,804154,card,captured,2026-07-01T20:59:33
PAY_00030,ORD_00030,21199,upi,captured,2026-07-01T09:59:23
PAY_00031,ORD_00031,664903,upi,captured,2026-07-01T17:05:05
PAY_00032,ORD_00032,1039195,card,captured,2026-07-01T16:49:08
PAY_00033,ORD_00033,289256,upi,captured,2026-07-01T10:16:33
PAY_00034,ORD_00034,1292119,upi,captured,2026-07-01T16:48:46
PAY_00035,ORD_00035,1466757,upi,captured,2026-07-01T18:41:23
PAY_00036,ORD_00036,938762,card,captured,2026-07-01T11:14:04
PAY_00037,ORD_00037,729016,upi,captured,2026-07-01T17:14:00
PAY_00038,ORD_00038,168883,card,failed,2026-07-01T09:57:02
PAY_00039,ORD_00039,712958,upi,captured,2026-07-01T18:31:13
PAY_00040,ORD_00040,1150855,upi,captured,2026-07-01T17:36:30
PAY_00041,ORD_00041,529602,card,captured,2026-07-01T11:06:06
PAY_00042,ORD_00042,1401986,upi,captured,2026-07-01T15:55:46
PAY_00043,ORD_00043,133605,upi,captured,2026-07-01T09:03:25
PAY_00044,ORD_00044,731569,card,captured,2026-07-01T11:12:34
PAY_00045,ORD_00045,960810,upi,captured,2026-07-01T15:15:55
PAY_00046,ORD_00046,178093,upi,captured,2026-07-01T16:06:03
PAY_00047,ORD_00047,1387646,netbanking,captured,2026-07-01T09:59:48
PAY_00048,ORD_00048,515723,upi,captured,2026-07-01T11:55:25
PAY_00049,ORD_00049,142967,upi,failed,2026-07-01T14:16:59
PAY_00050,ORD_00050,974221,upi,captured,2026-07-01T19:50:35
PAY_00051,ORD_00051,1408044,card,captured,2026-07-01T12:13:03
PAY_00052,ORD_00052,1234629,card,failed,2026-07-01T13:03:03
PAY_00053,ORD_00053,1245109,upi,captured,2026-07-01T16:10:03
PAY_00054,ORD_00054,1084993,upi,captured,2026-07-01T17:04:43
PAY_00055,ORD_00055,513258,upi,captured,2026-07-01T17:15:37
PAY_00056,ORD_00056,1266797,upi,captured,2026-07-01T18:37:36
PAY_00057,ORD_00057,1116354,upi,captured,2026-07-01T18:45:20
PAY_00058,ORD_00058,520560,upi,captured,2026-07-01T18:19:29
PAY_00059,ORD_00059,683071,netbanking,captured,2026-07-01T08:29:39
PAY_00060,ORD_00060,1200683,netbanking,failed,2026-07-01T11:32:16
PAY_00061,ORD_00061,751924,card,captured,2026-07-02T13:18:10
PAY_00062,ORD_00062,938939,card,captured,2026-07-02T17:51:41
PAY_00063,ORD_00063,1129269,upi,captured,2026-07-02T12:59:42
PAY_00064,ORD_00064,237236,netbanking,captured,2026-07-02T09:56:06
PAY_00065,ORD_00065,1180194,upi,captured,2026-07-02T11:45:21
PAY_00066,ORD_00066,446974,upi,captured,2026-07-02T16:31:16
PAY_00067,ORD_00067,126533,upi,captured,2026-07-02T12:02:00
PAY_00068,ORD_00068,719518,card,captured,2026-07-02T12:10:47
PAY_00069,ORD_00069,946596,upi,captured,2026-07-02T08:07:04
PAY_00070,ORD_00070,1469173,netbanking,captured,2026-07-02T21:23:37
PAY_00071,ORD_00071,1178729,upi,captured,2026-07-02T12:23:57
PAY_00072,ORD_00072,103665,card,captured,2026-07-02T11:42:06
PAY_00073,ORD_00073,761717,card,captured,2026-07-02T14:39:47
PAY_00074,ORD_00074,344121,netbanking,captured,2026-07-02T10:51:51
PAY_00075,ORD_00075,391305,card,failed,2026-07-02T19:59:21
PAY_00076,ORD_00076,883425,card,captured,2026-07-02T20:15:17
PAY_00077,ORD_00077,353862,card,captured,2026-07-02T21:02:54
PAY_00078,ORD_00078,1007108,upi,captured,2026-07-02T15:22:19
PAY_00079,ORD_00079,497302,upi,captured,2026-07-02T14:21:17
PAY_00080,ORD_00080,165585,netbanking,captured,2026-07-02T18:32:25
PAY_00081,ORD_00081,1445052,netbanking,captured,2026-07-02T08:07:56
PAY_00082,ORD_00082,567807,upi,captured,2026-07-02T12:02:06
PAY_00083,ORD_00083,1271100,upi,captured,2026-07-02T13:27:38
PAY_00084,ORD_00084,1092531,upi,captured,2026-07-02T11:16:02
PAY_00085,ORD_00085,934478,upi,captured,2026-07-02T16:43:46
PAY_00086,ORD_00086,1426409,upi,captured,2026-07-02T18:58:21
PAY_00087,ORD_00087,1326851,upi,captured,2026-07-02T19:57:19
PAY_00088,ORD_00088,1083512,upi,captured,2026-07-02T14:44:18
PAY_00089,ORD_00089,1182687,upi,captured,2026-07-02T14:43:47
PAY_00090,ORD_00090,384961,upi,captured,2026-07-02T16:53:00
PAY_00091,ORD_00091,657271,upi,captured,2026-07-02T17:38:41
PAY_00092,ORD_00092,695805,upi,captured,2026-07-02T11:32:30
PAY_00093,ORD_00093,375868,upi,captured,2026-07-02T18:40:39
PAY_00094,ORD_00094,722940,upi,captured,2026-07-02T11:43:19
PAY_00095,ORD_00095,491105,card,captured,2026-07-02T08:15:30
PAY_00096,ORD_00096,1301934,card,failed,2026-07-02T14:56:40
PAY_00097,ORD_00097,1227269,upi,captured,2026-07-02T15:25:15
PAY_00098,ORD_00098,329479,upi,failed,2026-07-02T20:55:49
PAY_00099,ORD_00099,243529,card,captured,2026-07-02T20:44:33
PAY_00100,ORD_00100,994231,upi,captured,2026-07-02T21:07:29
PAY_00101,ORD_00101,299632,card,captured,2026-07-02T16:38:20
PAY_00102,ORD_00102,948143,upi,captured,2026-07-02T16:27:53
PAY_00103,ORD_00103,1168970,upi,captured,2026-07-02T21:30:28
PAY_00104,ORD_00104,563564,card,captured,2026-07-02T12:49:49
PAY_00105,ORD_00105,1036273,upi,captured,2026-07-03T09:45:18
PAY_00106,ORD_00106,511768,upi,captured,2026-07-03T16:05:08
PAY_00107,ORD_00107,336314,upi,captured,2026-07-03T19:13:04
PAY_00108,ORD_00108,890041,upi,captured,2026-07-03T14:03:13
PAY_00109,ORD_00109,901104,upi,captured,2026-07-03T19:01:54
PAY_00110,ORD_00110,1227310,upi,failed,2026-07-03T13:19:48
PAY_00111,ORD_00111,837861,card,captured,2026-07-03T14:34:47
PAY_00112,ORD_00112,1165322,card,captured,2026-07-03T15:14:17
PAY_00113,ORD_00113,934014,upi,captured,2026-07-03T18:43:51
PAY_00114,ORD_00114,867913,card,captured,2026-07-03T10:39:34
PAY_00115,ORD_00115,76552,netbanking,captured,2026-07-03T18:01:05
PAY_00116,ORD_00116,1367943,upi,captured,2026-07-03T10:03:16
PAY_00117,ORD_00117,815038,upi,captured,2026-07-03T13:48:56
PAY_00118,ORD_00118,815085,upi,captured,2026-07-03T14:16:53
PAY_00119,ORD_00119,191769,upi,captured,2026-07-03T08:22:14
PAY_00120,ORD_00120,1383450,upi,captured,2026-07-03T08:48:01
PAY_00121,ORD_00121,538590,upi,failed,2026-07-03T10:15:08
PAY_00122,ORD_00122,1013129,upi,captured,2026-07-03T11:29:44
PAY_00123,ORD_00123,557381,card,captured,2026-07-03T17:47:45
PAY_00124,ORD_00124,260192,card,captured,2026-07-03T12:06:37
PAY_00125,ORD_00125,73851,netbanking,captured,2026-07-03T14:25:45
PAY_00126,ORD_00126,435927,upi,captured,2026-07-03T18:15:06
PAY_00127,ORD_00127,1482119,card,captured,2026-07-03T17:51:07
PAY_00128,ORD_00128,1206846,card,captured,2026-07-03T14:42:23
PAY_00129,ORD_00129,164612,upi,captured,2026-07-03T21:26:52
PAY_00130,ORD_00130,1048027,upi,captured,2026-07-03T18:57:53
PAY_00131,ORD_00131,984143,card,captured,2026-07-03T19:33:41
PAY_00132,ORD_00132,586403,upi,captured,2026-07-03T20:30:29
PAY_00133,ORD_00133,933465,card,captured,2026-07-03T13:54:15
PAY_00134,ORD_00134,201745,upi,captured,2026-07-03T20:29:36
PAY_00135,ORD_00135,1299958,upi,captured,2026-07-03T15:54:20
PAY_00136,ORD_00136,401345,upi,captured,2026-07-03T12:21:17
PAY_00137,ORD_00137,1270227,card,captured,2026-07-03T08:33:12
PAY_00138,ORD_00138,199543,upi,captured,2026-07-03T16:48:15
PAY_00139,ORD_00139,1468312,upi,captured,2026-07-03T15:50:01
PAY_00140,ORD_00140,215147,upi,captured,2026-07-03T11:19:42
PAY_00141,ORD_00141,1239610,upi,captured,2026-07-03T13:27:47
PAY_00142,ORD_00142,1174248,upi,captured,2026-07-03T12:19:16
PAY_00143,ORD_00143,503473,upi,captured,2026-07-03T09:47:34
PAY_00144,ORD_00144,1467377,upi,captured,2026-07-03T15:17:46
PAY_00145,ORD_00145,1256453,netbanking,captured,2026-07-03T12:06:53
PAY_00146,ORD_00146,427094,upi,captured,2026-07-03T12:00:45
PAY_00147,ORD_00147,1140162,upi,failed,2026-07-03T08:35:18
PAY_00148,ORD_00148,1482590,netbanking,captured,2026-07-03T20:31:06
PAY_00149,ORD_00149,45722,upi,captured,2026-07-03T15:21:11
PAY_00150,ORD_00150,127744,upi,captured,2026-07-03T09:52:04
PAY_00151,ORD_00151,860344,upi,captured,2026-07-03T18:03:09
PAY_00152,ORD_00152,332890,card,captured,2026-07-03T09:15:07
PAY_00153,ORD_00153,1190363,card,captured,2026-07-03T20:39:14
PAY_00154,ORD_00154,1115914,upi,captured,2026-07-03T12:55:37
PAY_00155,ORD_00155,919321,upi,captured,2026-07-03T17:47:06
PAY_00156,ORD_00156,455762,upi,captured,2026-07-03T09:10:15
PAY_00157,ORD_00157,384513,upi,captured,2026-07-03T14:28:44
PAY_00158,ORD_00158,1265312,upi,failed,2026-07-03T12:45:18
PAY_00159,ORD_00159,1494271,card,failed,2026-07-03T11:59:16
PAY_00160,ORD_00160,1330841,upi,captured,2026-07-03T11:27:07
PAY_00161,ORD_00161,491459,upi,captured,2026-07-04T21:09:04
PAY_00162,ORD_00162,145070,upi,captured,2026-07-04T19:52:36
PAY_00163,ORD_00163,625260,upi,captured,2026-07-04T12:44:25
PAY_00164,ORD_00164,590941,upi,captured,2026-07-04T09:38:02
PAY_00165,ORD_00165,926029,card,captured,2026-07-04T08:05:14
PAY_00166,ORD_00166,1434106,card,captured,2026-07-04T08:48:43
PAY_00167,ORD_00167,585205,upi,captured,2026-07-04T10:30:33
PAY_00168,ORD_00168,1386314,upi,captured,2026-07-04T17:27:40
PAY_00169,ORD_00169,1051223,netbanking,captured,2026-07-04T14:21:20
PAY_00170,ORD_00170,1425371,upi,captured,2026-07-04T14:44:31
PAY_00171,ORD_00171,624436,upi,captured,2026-07-04T20:35:02
PAY_00172,ORD_00172,973839,upi,captured,2026-07-04T09:49:25
PAY_00173,ORD_00173,1099186,card,failed,2026-07-04T21:34:29
PAY_00174,ORD_00174,886642,upi,captured,2026-07-04T17:48:31
PAY_00175,ORD_00175,1331577,upi,failed,2026-07-04T12:35:08
PAY_00176,ORD_00176,624040,upi,captured,2026-07-04T09:01:40
PAY_00177,ORD_00177,1296896,card,captured,2026-07-04T12:35:00
PAY_00178,ORD_00178,1178155,upi,captured,2026-07-04T21:58:07
PAY_00179,ORD_00179,987726,netbanking,captured,2026-07-04T10:31:59
PAY_00180,ORD_00180,632078,upi,captured,2026-07-04T21:30:30
PAY_00181,ORD_00181,531140,upi,captured,2026-07-04T11:58:38
PAY_00182,ORD_00182,1085858,card,captured,2026-07-04T09:17:49
PAY_00183,ORD_00183,890197,upi,captured,2026-07-04T12:52:00
PAY_00184,ORD_00184,613156,card,captured,2026-07-04T17:42:31
PAY_00185,ORD_00185,331627,upi,captured,2026-07-04T13:35:48
PAY_00186,ORD_00186,1159655,upi,captured,2026-07-04T21:12:44
PAY_00187,ORD_00187,520811,upi,captured,2026-07-04T20:26:02
PAY_00188,ORD_00188,687264,card,captured,2026-07-04T20:24:24
PAY_00189,ORD_00189,1411856,card,captured,2026-07-04T10:31:02
PAY_00190,ORD_00190,284757,upi,captured,2026-07-04T21:06:55
PAY_00191,ORD_00191,943389,upi,captured,2026-07-04T08:46:09
PAY_00192,ORD_00192,879787,card,captured,2026-07-04T09:30:50
PAY_00193,ORD_00193,575793,upi,captured,2026-07-04T18:05:54
PAY_00194,ORD_00194,709051,card,captured,2026-07-04T14:20:40
PAY_00195,ORD_00195,1154592,upi,failed,2026-07-05T18:43:58
PAY_00196,ORD_00196,622677,netbanking,captured,2026-07-05T14:06:48
PAY_00197,ORD_00197,1349065,card,captured,2026-07-05T10:44:19
PAY_00198,ORD_00198,80706,upi,captured,2026-07-05T12:22:23
PAY_00199,ORD_00199,923215,upi,captured,2026-07-05T17:43:50
PAY_00200,ORD_00200,397606,upi,failed,2026-07-05T21:24:39
PAY_00201,ORD_00201,1452637,upi,captured,2026-07-05T10:14:29
PAY_00202,ORD_00202,1357782,upi,captured,2026-07-05T08:57:51
PAY_00203,ORD_00203,995706,netbanking,captured,2026-07-05T10:04:28
PAY_00204,ORD_00204,744703,netbanking,captured,2026-07-05T14:44:16
PAY_00205,ORD_00205,978054,card,captured,2026-07-05T14:54:30
PAY_00206,ORD_00206,243668,upi,captured,2026-07-05T17:18:44
PAY_00207,ORD_00207,639143,upi,captured,2026-07-05T14:17:00
PAY_00208,ORD_00208,1206839,card,captured,2026-07-05T08:58:38
PAY_00209,ORD_00209,1061712,card,captured,2026-07-05T20:51:14
PAY_00210,ORD_00210,1293107,card,captured,2026-07-05T11:39:16
PAY_00211,ORD_00211,1441375,card,captured,2026-07-05T18:53:08
PAY_00212,ORD_00212,1337531,upi,captured,2026-07-05T08:19:50
PAY_00213,ORD_00213,944473,upi,captured,2026-07-05T10:05:58
PAY_00214,ORD_00214,638891,upi,captured,2026-07-05T11:08:50
PAY_00215,ORD_00215,1151220,card,captured,2026-07-05T16:58:17
PAY_00216,ORD_00216,365074,upi,captured,2026-07-05T15:51:18
PAY_00217,ORD_00217,730337,card,captured,2026-07-05T09:09:48
PAY_00218,ORD_00218,493148,card,captured,2026-07-05T14:54:51
PAY_00219,ORD_00219,1188769,upi,captured,2026-07-05T08:16:34
PAY_00220,ORD_00220,279184,upi,captured,2026-07-05T18:16:37
PAY_00221,ORD_00221,819068,card,captured,2026-07-05T09:43:14
PAY_00222,ORD_00222,1008758,upi,captured,2026-07-05T16:20:58
PAY_00223,ORD_00223,1299435,upi,failed,2026-07-05T21:29:58
PAY_00224,ORD_00224,1490265,upi,captured,2026-07-05T10:02:02
PAY_00225,ORD_00225,658298,netbanking,captured,2026-07-05T11:56:34
PAY_00226,ORD_00226,304508,upi,captured,2026-07-05T19:44:34
PAY_00227,ORD_00227,898972,upi,captured,2026-07-05T14:41:06
PAY_00228,ORD_00228,1311116,upi,captured,2026-07-06T08:44:23
PAY_00229,ORD_00229,475647,upi,captured,2026-07-06T21:23:06
PAY_00230,ORD_00230,1457975,upi,captured,2026-07-06T18:22:03
PAY_00231,ORD_00231,854959,upi,captured,2026-07-06T21:52:29
PAY_00232,ORD_00232,212253,upi,captured,2026-07-06T17:01:03
PAY_00233,ORD_00233,719419,upi,captured,2026-07-06T17:13:04
PAY_00234,ORD_00234,1182257,upi,captured,2026-07-06T21:14:21
PAY_00235,ORD_00235,329443,card,captured,2026-07-06T12:54:09
PAY_00236,ORD_00236,292613,upi,captured,2026-07-06T09:42:55
PAY_00237,ORD_00237,74064,upi,captured,2026-07-06T20:15:37
PAY_00238,ORD_00238,698997,upi,captured,2026-07-06T10:47:26
PAY_00239,ORD_00239,1123281,upi,failed,2026-07-06T15:49:23
PAY_00240,ORD_00240,1096338,upi,captured,2026-07-06T11:39:02
PAY_00241,ORD_00241,1401819,upi,captured,2026-07-06T08:03:30
PAY_00242,ORD_00242,862252,upi,captured,2026-07-06T19:58:28
PAY_00243,ORD_00243,174121,card,captured,2026-07-06T10:04:08
PAY_00244,ORD_00244,596750,upi,captured,2026-07-06T19:20:24
PAY_00245,ORD_00245,1272821,upi,captured,2026-07-06T17:27:06
PAY_00246,ORD_00246,1491738,upi,captured,2026-07-06T20:35:46
PAY_00247,ORD_00247,470936,upi,captured,2026-07-06T14:21:52
PAY_00248,ORD_00248,971056,upi,captured,2026-07-06T13:27:20
PAY_00249,ORD_00249,1414832,upi,captured,2026-07-06T18:59:30
PAY_00250,ORD_00250,160788,upi,captured,2026-07-06T14:06:47
PAY_00251,ORD_00251,801497,card,captured,2026-07-06T17:35:35
PAY_00252,ORD_00252,711317,upi,captured,2026-07-06T21:42:48
PAY_00253,ORD_00253,906962,card,captured,2026-07-06T12:38:19
PAY_00254,ORD_00254,757455,upi,captured,2026-07-06T10:42:30
PAY_00255,ORD_00255,490275,card,captured,2026-07-06T16:23:07
PAY_00256,ORD_00256,604199,upi,captured,2026-07-06T21:35:49
PAY_00257,ORD_00257,1323849,upi,captured,2026-07-06T08:38:59
PAY_00258,ORD_00258,1399572,card,captured,2026-07-06T10:17:44
PAY_00259,ORD_00259,667987,netbanking,captured,2026-07-06T10:55:09
PAY_00260,ORD_00260,1207661,upi,failed,2026-07-06T19:40:01
PAY_00261,ORD_00261,212429,card,captured,2026-07-06T14:29:21
PAY_00262,ORD_00262,350111,upi,captured,2026-07-06T20:36:38
PAY_00263,ORD_00263,198167,card,captured,2026-07-06T20:39:03
PAY_00264,ORD_00264,1433414,upi,captured,2026-07-06T14:31:38
PAY_00265,ORD_00265,947033,upi,captured,2026-07-06T16:07:22
PAY_00266,ORD_00266,921594,upi,captured,2026-07-06T17:31:33
PAY_00267,ORD_00267,1419078,upi,captured,2026-07-06T17:03:00
PAY_00268,ORD_00268,448706,upi,captured,2026-07-06T10:48:16
PAY_00269,ORD_00269,627014,upi,failed,2026-07-06T19:27:11
PAY_00270,ORD_00270,290922,upi,captured,2026-07-06T16:35:53
PAY_00271,ORD_00271,1420998,card,failed,2026-07-06T21:47:02
PAY_00272,ORD_00272,934818,upi,captured,2026-07-06T21:20:36
PAY_00273,ORD_00273,920274,upi,captured,2026-07-06T14:18:07
PAY_00274,ORD_00274,869414,upi,captured,2026-07-06T20:39:29
PAY_00275,ORD_00275,1466217,netbanking,captured,2026-07-06T21:06:15
PAY_00276,ORD_00276,933679,upi,captured,2026-07-06T14:55:19
PAY_00277,ORD_00277,732010,upi,captured,2026-07-06T09:32:40
PAY_00278,ORD_00278,259131,upi,captured,2026-07-06T20:22:22
PAY_00279,ORD_00279,1373592,card,captured,2026-07-06T10:16:12
PAY_00280,ORD_00280,383853,upi,captured,2026-07-06T18:04:11
PAY_00281,ORD_00281,1336904,upi,captured,2026-07-06T20:37:28
PAY_00282,ORD_00282,1448440,netbanking,captured,2026-07-06T18:39:20
PAY_00283,ORD_00283,682991,upi,failed,2026-07-07T15:40:19
PAY_00284,ORD_00284,596032,upi,captured,2026-07-07T09:19:29
PAY_00285,ORD_00285,967732,upi,captured,2026-07-07T12:04:41
PAY_00286,ORD_00286,209365,upi,captured,2026-07-07T15:37:35
PAY_00287,ORD_00287,106030,upi,captured,2026-07-07T18:12:20
PAY_00288,ORD_00288,1288789,upi,captured,2026-07-07T08:28:06
PAY_00289,ORD_00289,740241,netbanking,captured,2026-07-07T18:11:02
PAY_00290,ORD_00290,539556,card,captured,2026-07-07T16:33:39
PAY_00291,ORD_00291,352914,upi,captured,2026-07-07T14:26:49
PAY_00292,ORD_00292,729607,upi,failed,2026-07-07T18:41:21
PAY_00293,ORD_00293,158227,upi,captured,2026-07-07T14:18:16
PAY_00294,ORD_00294,1396914,netbanking,captured,2026-07-07T10:21:05
PAY_00295,ORD_00295,1242093,upi,captured,2026-07-07T12:41:44
PAY_00296,ORD_00296,1408598,upi,captured,2026-07-07T09:19:35
PAY_00297,ORD_00297,809953,upi,captured,2026-07-07T10:42:44
PAY_00298,ORD_00298,1457418,netbanking,captured,2026-07-07T18:27:32
PAY_00299,ORD_00299,778808,upi,captured,2026-07-07T11:21:49
PAY_00300,ORD_00300,1039784,upi,captured,2026-07-07T10:04:18
PAY_00301,ORD_00301,232107,upi,captured,2026-07-07T19:56:33
PAY_00302,ORD_00302,99162,upi,captured,2026-07-07T17:08:38
PAY_00303,ORD_00303,810038,upi,captured,2026-07-07T19:49:39
PAY_00304,ORD_00304,367160,card,failed,2026-07-07T13:43:46
PAY_00305,ORD_00305,518136,netbanking,captured,2026-07-07T20:47:50
PAY_00306,ORD_00306,961470,upi,captured,2026-07-07T20:50:30
PAY_00307,ORD_00307,426881,upi,captured,2026-07-07T15:29:49
PAY_00308,ORD_00308,610918,card,captured,2026-07-07T14:10:52
PAY_00309,ORD_00309,438796,card,captured,2026-07-07T12:03:41
PAY_00310,ORD_00310,1027871,card,captured,2026-07-07T09:45:54
PAY_00311,ORD_00311,1101940,card,captured,2026-07-07T20:10:17
PAY_00312,ORD_00312,962290,netbanking,captured,2026-07-07T14:05:58
PAY_00313,ORD_00313,485647,card,captured,2026-07-07T08:26:03
PAY_00314,ORD_00314,851424,upi,captured,2026-07-07T09:23:14
PAY_00315,ORD_00315,79113,upi,captured,2026-07-07T19:41:21
PAY_00316,ORD_00316,326287,upi,captured,2026-07-07T21:30:44
PAY_00317,ORD_00317,311069,card,captured,2026-07-07T17:00:57
PAY_00318,ORD_00318,186148,upi,captured,2026-07-07T10:35:46
PAY_00319,ORD_00319,1296914,upi,captured,2026-07-07T12:15:19
PAY_00320,ORD_00320,275534,upi,captured,2026-07-07T20:39:29
PAY_00321,ORD_00321,151716,upi,captured,2026-07-07T17:34:01
PAY_00322,ORD_00322,1345305,upi,captured,2026-07-07T10:18:27
PAY_00323,ORD_00323,23280,upi,captured,2026-07-07T14:11:42
PAY_00324,ORD_00324,1421348,upi,captured,2026-07-07T09:33:34
PAY_00325,ORD_00325,1083943,card,captured,2026-07-07T08:24:55
PAY_00326,ORD_00326,1005944,upi,captured,2026-07-07T13:16:47
PAY_00327,ORD_00327,54062,upi,failed,2026-07-07T11:46:42
PAY_00328,ORD_00328,1337550,upi,captured,2026-07-07T20:21:08
PAY_00329,ORD_00329,112978,upi,captured,2026-07-07T18:11:53
PAY_00330,ORD_00330,1455883,upi,captured,2026-07-07T18:11:51
PAY_00331,ORD_00331,302806,upi,captured,2026-07-07T15:02:18
PAY_00332,ORD_00332,442766,upi,captured,2026-07-07T08:20:59
PAY_00333,ORD_00333,670276,upi,captured,2026-07-07T16:30:16
PAY_00334,ORD_00334,96799,card,captured,2026-07-07T13:55:49
PAY_00335,ORD_00335,120252,card,captured,2026-07-07T09:51:23
PAY_00336,ORD_00336,936353,card,captured,2026-07-07T14:21:11
PAY_00337,ORD_00337,1060613,upi,captured,2026-07-07T20:33:17
PAY_00338,ORD_00338,193248,card,failed,2026-07-07T17:52:11
PAY_00339,ORD_00339,1163942,upi,captured,2026-07-07T13:42:18
PAY_00340,ORD_00340,662768,upi,captured,2026-07-07T10:44:28
PAY_00341,ORD_00341,757247,upi,captured,2026-07-07T13:39:27
PAY_00342,ORD_00342,595784,upi,captured,2026-07-07T08:04:42
PAY_00343,ORD_00343,871884,upi,captured,2026-07-08T18:10:01
PAY_00344,ORD_00344,319430,card,captured,2026-07-08T15:02:08
PAY_00345,ORD_00345,160998,upi,captured,2026-07-08T13:24:36
PAY_00346,ORD_00346,87916,upi,captured,2026-07-08T13:23:28
PAY_00347,ORD_00347,181240,upi,captured,2026-07-08T14:20:41
PAY_00348,ORD_00348,604454,upi,captured,2026-07-08T19:11:31
PAY_00349,ORD_00349,1105790,upi,captured,2026-07-08T12:49:16
PAY_00350,ORD_00350,1496474,upi,captured,2026-07-08T12:44:58
PAY_00351,ORD_00351,1050121,upi,captured,2026-07-08T09:28:11
PAY_00352,ORD_00352,953465,netbanking,captured,2026-07-08T21:20:42
PAY_00353,ORD_00353,748603,card,captured,2026-07-08T12:57:19
PAY_00354,ORD_00354,350312,card,captured,2026-07-08T18:11:50
PAY_00355,ORD_00355,778104,upi,captured,2026-07-08T11:50:08
PAY_00356,ORD_00356,516471,card,failed,2026-07-08T16:36:23
PAY_00357,ORD_00357,1000221,card,captured,2026-07-08T17:56:05
PAY_00358,ORD_00358,157883,upi,captured,2026-07-08T19:30:33
PAY_00359,ORD_00359,881499,card,captured,2026-07-08T09:08:20
PAY_00360,ORD_00360,1367081,upi,captured,2026-07-08T16:22:08
PAY_00361,ORD_00361,1176167,upi,captured,2026-07-08T10:27:32
PAY_00362,ORD_00362,136209,card,captured,2026-07-08T12:10:10
PAY_00363,ORD_00363,696668,netbanking,captured,2026-07-08T16:57:18
PAY_00364,ORD_00364,185381,upi,captured,2026-07-08T16:17:08
PAY_00365,ORD_00365,1330766,upi,captured,2026-07-08T16:41:10
PAY_00366,ORD_00366,1261112,netbanking,captured,2026-07-08T18:39:46
PAY_00367,ORD_00367,1289068,upi,captured,2026-07-08T08:52:55
PAY_00368,ORD_00368,79503,upi,captured,2026-07-08T20:36:16
PAY_00369,ORD_00369,1385518,upi,captured,2026-07-08T17:40:01
PAY_00370,ORD_00370,1064461,card,captured,2026-07-08T18:19:30
PAY_00371,ORD_00371,533546,card,captured,2026-07-08T12:29:04
PAY_00372,ORD_00372,1464127,upi,captured,2026-07-08T15:29:13
PAY_00373,ORD_00373,733435,upi,captured,2026-07-08T19:20:46
PAY_00374,ORD_00374,744294,netbanking,captured,2026-07-08T13:32:35
PAY_00375,ORD_00375,242683,upi,captured,2026-07-08T12:28:15
PAY_00376,ORD_00376,315441,upi,captured,2026-07-08T14:55:39
PAY_00377,ORD_00377,896892,upi,captured,2026-07-08T10:52:20
PAY_00378,ORD_00378,1231497,card,captured,2026-07-08T10:31:32
PAY_00379,ORD_00379,998982,upi,captured,2026-07-08T08:05:25
PAY_00380,ORD_00380,1079993,upi,captured,2026-07-08T17:22:03
PAY_00381,ORD_00381,125990,upi,captured,2026-07-08T21:41:43
PAY_00382,ORD_00382,1006892,upi,failed,2026-07-08T09:27:08
PAY_00383,ORD_00383,574639,card,captured,2026-07-08T13:02:25
PAY_00384,ORD_00384,127285,upi,captured,2026-07-08T16:18:04
PAY_00385,ORD_00385,830232,upi,captured,2026-07-08T12:52:39
PAY_00386,ORD_00386,1446899,upi,captured,2026-07-08T09:25:23
PAY_00387,ORD_00387,731113,upi,captured,2026-07-08T10:12:38
PAY_00388,ORD_00388,1087707,upi,failed,2026-07-08T08:08:45
PAY_00389,ORD_00389,718436,card,captured,2026-07-08T10:38:57
PAY_00390,ORD_00390,1101093,upi,captured,2026-07-08T13:10:25
PAY_00391,ORD_00391,1312895,card,captured,2026-07-08T13:32:53
PAY_00392,ORD_00392,1088947,upi,captured,2026-07-08T12:30:52
PAY_00393,ORD_00393,54890,upi,captured,2026-07-08T14:37:19
PAY_00394,ORD_00394,1462932,upi,captured,2026-07-08T12:41:50
PAY_00395,ORD_00395,1233148,upi,captured,2026-07-08T17:30:10
PAY_00396,ORD_00396,1119394,upi,captured,2026-07-08T21:24:09
PAY_00397,ORD_00397,1447587,upi,captured,2026-07-08T19:07:12
PAY_00398,ORD_00398,59714,upi,captured,2026-07-08T14:44:13
PAY_00399,ORD_00399,880623,upi,captured,2026-07-08T15:55:54
PAY_00400,ORD_00400,150613,card,captured,2026-07-08T16:20:42
PAY_00401,ORD_00401,1023216,upi,captured,2026-07-08T10:29:58
PAY_00402,ORD_00402,1138048,upi,captured,2026-07-08T20:55:46
PAY_00403,ORD_00403,1473983,upi,captured,2026-07-09T11:17:35
PAY_00404,ORD_00404,645998,upi,captured,2026-07-09T12:49:18
PAY_00405,ORD_00405,1498284,upi,captured,2026-07-09T13:30:22
PAY_00406,ORD_00406,1195427,netbanking,captured,2026-07-09T12:18:07
PAY_00407,ORD_00407,1222668,upi,captured,2026-07-09T14:52:22
PAY_00408,ORD_00408,327182,upi,captured,2026-07-09T19:05:22
PAY_00409,ORD_00409,947729,upi,captured,2026-07-09T11:12:52
PAY_00410,ORD_00410,1149479,upi,captured,2026-07-09T12:08:06
PAY_00411,ORD_00411,1311168,card,captured,2026-07-09T08:42:57
PAY_00412,ORD_00412,1133674,upi,captured,2026-07-09T09:26:21
PAY_00413,ORD_00413,1010702,upi,captured,2026-07-09T08:35:59
PAY_00414,ORD_00414,351226,upi,captured,2026-07-09T15:30:41
PAY_00415,ORD_00415,438289,card,captured,2026-07-09T12:41:03
PAY_00416,ORD_00416,207612,upi,captured,2026-07-09T19:46:54
PAY_00417,ORD_00417,98220,netbanking,captured,2026-07-09T21:11:59
PAY_00418,ORD_00418,96210,netbanking,captured,2026-07-09T15:11:59
PAY_00419,ORD_00419,627056,card,failed,2026-07-09T17:38:06
PAY_00420,ORD_00420,722634,upi,captured,2026-07-09T16:33:31
PAY_00421,ORD_00421,301437,card,captured,2026-07-09T11:51:07
PAY_00422,ORD_00422,713494,upi,captured,2026-07-09T12:45:11
PAY_00423,ORD_00423,49536,card,captured,2026-07-09T17:43:48
PAY_00424,ORD_00424,425088,upi,captured,2026-07-09T14:52:27
PAY_00425,ORD_00425,1100621,upi,captured,2026-07-09T09:11:08
PAY_00426,ORD_00426,1021293,upi,captured,2026-07-09T12:24:15
PAY_00427,ORD_00427,956872,card,captured,2026-07-09T12:37:46
PAY_00428,ORD_00428,1221410,upi,captured,2026-07-09T19:15:03
PAY_00429,ORD_00429,1420448,upi,captured,2026-07-09T14:43:32
PAY_00430,ORD_00430,1495466,card,captured,2026-07-09T18:58:18
PAY_00431,ORD_00431,790795,upi,captured,2026-07-09T10:30:09
PAY_00432,ORD_00432,974159,card,captured,2026-07-09T14:44:35
PAY_00433,ORD_00433,1007398,card,captured,2026-07-09T21:13:48
PAY_00434,ORD_00434,538972,upi,captured,2026-07-09T20:05:33
PAY_00435,ORD_00435,956898,upi,captured,2026-07-09T17:07:03
PAY_00436,ORD_00436,1168503,netbanking,captured,2026-07-09T16:09:10
PAY_00437,ORD_00437,708112,card,captured,2026-07-09T18:13:45
PAY_00438,ORD_00438,1242949,upi,captured,2026-07-09T15:51:03
PAY_00439,ORD_00439,970916,upi,captured,2026-07-09T17:03:35
PAY_00440,ORD_00440,989677,upi,captured,2026-07-09T08:25:16
PAY_00441,ORD_00441,26323,card,captured,2026-07-09T08:27:22
PAY_00442,ORD_00442,1488813,upi,captured,2026-07-09T09:59:30
PAY_00443,ORD_00443,86552,upi,captured,2026-07-09T10:49:41
PAY_00444,ORD_00444,1374510,netbanking,captured,2026-07-09T14:28:55
PAY_00445,ORD_00445,811667,upi,captured,2026-07-09T18:55:34
PAY_00446,ORD_00446,298899,upi,captured,2026-07-09T10:34:25
PAY_00447,ORD_00447,1129063,upi,captured,2026-07-09T21:00:48
PAY_00448,ORD_00448,67679,netbanking,captured,2026-07-09T19:34:27
PAY_00449,ORD_00449,1135545,upi,captured,2026-07-09T15:22:09
PAY_00450,ORD_00450,598079,upi,captured,2026-07-09T20:07:02
PAY_00451,ORD_00451,1404534,upi,captured,2026-07-09T08:15:13
PAY_00452,ORD_00452,161119,upi,failed,2026-07-09T17:43:45
PAY_00453,ORD_00453,122081,upi,failed,2026-07-09T15:14:34
PAY_00454,ORD_00454,475646,card,captured,2026-07-09T10:32:18
PAY_00455,ORD_00455,511072,card,captured,2026-07-09T13:36:38
PAY_00456,ORD_00456,1430401,card,captured,2026-07-09T10:42:33
PAY_00457,ORD_00457,483560,upi,captured,2026-07-09T16:37:56
PAY_00458,ORD_00458,387280,upi,captured,2026-07-09T15:03:22
PAY_00459,ORD_00459,1369131,upi,captured,2026-07-09T13:44:26
PAY_00460,ORD_00460,876181,upi,captured,2026-07-09T20:34:30
PAY_00461,ORD_00461,525346,card,captured,2026-07-09T19:09:51
PAY_00462,ORD_00462,991034,netbanking,captured,2026-07-09T14:35:33
PAY_00463,ORD_00463,834573,upi,captured,2026-07-10T18:05:59
PAY_00464,ORD_00464,963271,card,captured,2026-07-10T19:53:12
PAY_00465,ORD_00465,128080,upi,captured,2026-07-10T17:02:55
PAY_00466,ORD_00466,172639,upi,captured,2026-07-10T19:42:35
PAY_00467,ORD_00467,475116,upi,captured,2026-07-10T13:19:58
PAY_00468,ORD_00468,52157,upi,captured,2026-07-10T19:07:47
PAY_00469,ORD_00469,1024369,netbanking,captured,2026-07-10T19:13:25
PAY_00470,ORD_00470,521913,upi,captured,2026-07-10T14:29:34
PAY_00471,ORD_00471,1380467,upi,captured,2026-07-10T16:56:31
PAY_00472,ORD_00472,997281,upi,captured,2026-07-10T15:48:53
PAY_00473,ORD_00473,691577,netbanking,captured,2026-07-10T14:02:36
PAY_00474,ORD_00474,484045,card,failed,2026-07-10T16:59:37
PAY_00475,ORD_00475,1234550,card,captured,2026-07-10T11:21:14
PAY_00476,ORD_00476,816581,upi,captured,2026-07-10T16:41:43
PAY_00477,ORD_00477,727923,upi,captured,2026-07-10T19:41:47
PAY_00478,ORD_00478,1048853,upi,captured,2026-07-10T13:10:08
PAY_00479,ORD_00479,1166190,upi,captured,2026-07-10T16:41:03
PAY_00480,ORD_00480,1118791,upi,captured,2026-07-10T21:42:03
PAY_00481,ORD_00481,33387,upi,captured,2026-07-10T11:04:45
PAY_00482,ORD_00482,336732,upi,captured,2026-07-10T13:03:39
PAY_00483,ORD_00483,1357413,upi,captured,2026-07-10T15:42:31
PAY_00484,ORD_00484,52991,upi,captured,2026-07-10T08:01:33
PAY_00485,ORD_00485,596173,upi,captured,2026-07-10T16:52:44
PAY_00486,ORD_00486,1433549,upi,captured,2026-07-10T10:06:58
PAY_00487,ORD_00487,221984,upi,captured,2026-07-10T17:33:16
PAY_00488,ORD_00488,763316,upi,captured,2026-07-10T13:25:29
PAY_00489,ORD_00489,1204895,upi,captured,2026-07-10T12:43:52
PAY_00490,ORD_00490,189065,upi,captured,2026-07-10T20:02:05
PAY_00491,ORD_00491,869930,upi,captured,2026-07-10T08:40:00
PAY_00492,ORD_00492,1493973,upi,captured,2026-07-10T14:41:50
PAY_00493,ORD_00493,714724,upi,captured,2026-07-10T09:57:33
PAY_00494,ORD_00494,109237,upi,captured,2026-07-10T19:56:36
PAY_00495,ORD_00495,1017196,upi,captured,2026-07-10T18:59:17
PAY_00496,ORD_00496,1158817,upi,failed,2026-07-10T21:20:01
PAY_00497,ORD_00497,454442,upi,captured,2026-07-10T19:52:25
PAY_00498,ORD_00498,181349,upi,captured,2026-07-10T17:53:54
PAY_00499,ORD_00499,836120,upi,captured,2026-07-10T14:48:47
PAY_00500,ORD_00500,313497,card,captured,2026-07-10T09:32:47
PAY_00501,ORD_00501,745319,upi,captured,2026-07-10T21:04:21
PAY_00502,ORD_00502,1289130,card,captured,2026-07-10T14:49:20
PAY_00503,ORD_00503,82129,upi,captured,2026-07-10T15:31:14
PAY_00504,ORD_00504,766190,upi,captured,2026-07-10T10:43:37
PAY_00505,ORD_00505,1405529,upi,captured,2026-07-10T12:51:15
PAY_00506,ORD_00506,174154,upi,captured,2026-07-10T19:50:40
PAY_00507,ORD_00507,837096,upi,captured,2026-07-11T08:19:28
PAY_00508,ORD_00508,774801,card,captured,2026-07-11T09:11:27
PAY_00509,ORD_00509,961293,upi,captured,2026-07-11T09:01:05
PAY_00510,ORD_00510,762212,upi,captured,2026-07-11T20:20:55
PAY_00511,ORD_00511,827902,upi,captured,2026-07-11T20:05:46
PAY_00512,ORD_00512,1193433,netbanking,captured,2026-07-11T17:33:10
PAY_00513,ORD_00513,1457211,upi,captured,2026-07-11T12:17:31
PAY_00514,ORD_00514,326047,upi,captured,2026-07-11T14:19:30
PAY_00515,ORD_00515,181315,upi,captured,2026-07-11T19:40:31
PAY_00516,ORD_00516,1265302,upi,captured,2026-07-11T10:19:00
PAY_00517,ORD_00517,849826,upi,captured,2026-07-11T20:55:21
PAY_00518,ORD_00518,943214,upi,captured,2026-07-11T21:41:38
PAY_00519,ORD_00519,305473,upi,captured,2026-07-11T19:12:30
PAY_00520,ORD_00520,678890,upi,captured,2026-07-11T13:18:47
PAY_00521,ORD_00521,1477432,upi,captured,2026-07-11T20:15:20
PAY_00522,ORD_00522,808645,upi,captured,2026-07-11T13:07:59
PAY_00523,ORD_00523,1202480,upi,captured,2026-07-11T10:43:49
PAY_00524,ORD_00524,1173641,upi,captured,2026-07-11T19:13:28
PAY_00525,ORD_00525,630965,card,failed,2026-07-11T21:50:50
PAY_00526,ORD_00526,878032,upi,captured,2026-07-11T12:15:16
PAY_00527,ORD_00527,1401316,upi,captured,2026-07-11T14:04:28
PAY_00528,ORD_00528,1273958,upi,captured,2026-07-11T16:59:58
PAY_00529,ORD_00529,1470618,upi,failed,2026-07-11T13:44:57
PAY_00530,ORD_00530,1145973,upi,captured,2026-07-11T09:49:15
PAY_00531,ORD_00531,1399090,upi,captured,2026-07-11T17:02:36
PAY_00532,ORD_00532,1372728,upi,captured,2026-07-11T20:21:50
PAY_00533,ORD_00533,242181,upi,captured,2026-07-12T16:47:33
PAY_00534,ORD_00534,1190197,upi,captured,2026-07-12T15:23:25
PAY_00535,ORD_00535,991113,card,captured,2026-07-12T16:09:22
PAY_00536,ORD_00536,71511,upi,captured,2026-07-12T09:07:53
PAY_00537,ORD_00537,317114,upi,captured,2026-07-12T20:13:33
PAY_00538,ORD_00538,1032769,upi,captured,2026-07-12T19:44:28
PAY_00539,ORD_00539,688801,upi,failed,2026-07-12T19:07:01
PAY_00540,ORD_00540,739486,upi,captured,2026-07-12T10:59:47
PAY_00541,ORD_00541,531522,upi,captured,2026-07-12T13:35:27
PAY_00542,ORD_00542,988997,upi,captured,2026-07-12T10:11:40
PAY_00543,ORD_00543,1398474,upi,failed,2026-07-12T17:56:12
PAY_00544,ORD_00544,962827,upi,captured,2026-07-12T19:13:13
PAY_00545,ORD_00545,603731,card,captured,2026-07-12T09:36:06
PAY_00546,ORD_00546,1145937,upi,captured,2026-07-12T15:07:16
PAY_00547,ORD_00547,1426562,card,captured,2026-07-12T18:20:38
PAY_00548,ORD_00548,835035,upi,captured,2026-07-12T13:22:54
PAY_00549,ORD_00549,980203,upi,captured,2026-07-12T19:51:19
PAY_00550,ORD_00550,1308667,upi,captured,2026-07-12T13:07:15
PAY_00551,ORD_00551,660428,upi,captured,2026-07-12T10:32:24
PAY_00552,ORD_00552,897110,upi,captured,2026-07-12T14:11:31
PAY_00553,ORD_00553,1352743,upi,captured,2026-07-12T10:35:10
PAY_00554,ORD_00554,1046853,upi,captured,2026-07-12T21:28:39
PAY_00555,ORD_00555,132430,card,captured,2026-07-12T15:08:12
PAY_00556,ORD_00556,825189,netbanking,captured,2026-07-12T15:26:43
PAY_00557,ORD_00557,1051223,upi,captured,2026-07-12T15:10:05
PAY_00558,ORD_00558,1205725,upi,captured,2026-07-12T12:02:17
PAY_00559,ORD_00559,491530,upi,captured,2026-07-12T15:36:47
PAY_00560,ORD_00560,1058747,upi,captured,2026-07-12T09:17:49
PAY_00561,ORD_00561,1158976,card,captured,2026-07-12T21:48:02
PAY_00562,ORD_00562,945612,upi,captured,2026-07-12T09:47:53
PAY_00563,ORD_00563,1390848,card,captured,2026-07-12T08:28:16
PAY_00564,ORD_00564,202416,upi,captured,2026-07-13T20:51:15
PAY_00565,ORD_00565,460146,card,captured,2026-07-13T13:55:45
PAY_00566,ORD_00566,1299811,upi,captured,2026-07-13T10:50:13
PAY_00567,ORD_00567,453990,card,captured,2026-07-13T16:17:38
PAY_00568,ORD_00568,1149879,upi,captured,2026-07-13T12:18:36
PAY_00569,ORD_00569,580659,netbanking,captured,2026-07-13T18:52:06
PAY_00570,ORD_00570,304350,netbanking,captured,2026-07-13T08:17:55
PAY_00571,ORD_00571,1395514,upi,captured,2026-07-13T11:09:45
PAY_00572,ORD_00572,695485,card,captured,2026-07-13T18:25:31
PAY_00573,ORD_00573,318155,upi,captured,2026-07-13T14:24:28
PAY_00574,ORD_00574,178369,upi,captured,2026-07-13T09:25:32
PAY_00575,ORD_00575,603481,upi,captured,2026-07-13T15:31:20
PAY_00576,ORD_00576,1240449,upi,captured,2026-07-13T19:05:46
PAY_00577,ORD_00577,981437,upi,captured,2026-07-13T21:04:50
PAY_00578,ORD_00578,1140769,upi,captured,2026-07-13T21:13:31
PAY_00579,ORD_00579,583162,upi,captured,2026-07-13T16:36:08
PAY_00580,ORD_00580,1207286,card,captured,2026-07-13T18:48:03
PAY_00581,ORD_00581,116349,upi,captured,2026-07-13T15:01:07
PAY_00582,ORD_00582,351315,upi,failed,2026-07-13T14:12:44
PAY_00583,ORD_00583,296641,card,captured,2026-07-13T21:59:56
PAY_00584,ORD_00584,594660,upi,captured,2026-07-13T09:23:42
PAY_00585,ORD_00585,1380865,upi,captured,2026-07-13T12:46:44
PAY_00586,ORD_00586,511035,upi,captured,2026-07-13T09:00:13
PAY_00587,ORD_00587,1019936,upi,captured,2026-07-13T16:43:28
PAY_00588,ORD_00588,39476,upi,captured,2026-07-13T09:55:27
PAY_00589,ORD_00589,1475488,upi,failed,2026-07-13T14:05:46
PAY_00590,ORD_00590,234805,upi,captured,2026-07-13T12:08:24
PAY_00591,ORD_00591,299227,upi,captured,2026-07-13T09:33:36
PAY_00592,ORD_00592,37772,upi,captured,2026-07-13T13:46:13
PAY_00593,ORD_00593,1337179,card,captured,2026-07-13T17:43:28
PAY_00594,ORD_00594,475595,upi,captured,2026-07-13T20:07:37
PAY_00595,ORD_00595,825373,upi,captured,2026-07-13T20:08:15
PAY_00596,ORD_00596,600843,upi,captured,2026-07-13T17:38:46
PAY_00597,ORD_00597,1294215,upi,captured,2026-07-13T08:54:54
PAY_00598,ORD_00598,1400776,card,captured,2026-07-13T17:32:12
PAY_00599,ORD_00599,841561,upi,failed,2026-07-13T20:15:31
PAY_00600,ORD_00600,829260,upi,captured,2026-07-13T17:04:33
PAY_00601,ORD_00601,45306,netbanking,captured,2026-07-13T10:24:55
PAY_00602,ORD_00602,1211980,upi,captured,2026-07-13T10:48:30
PAY_00603,ORD_00603,173074,upi,failed,2026-07-13T12:13:02
PAY_00604,ORD_00604,146812,netbanking,captured,2026-07-13T12:40:45
PAY_00605,ORD_00605,1070775,card,captured,2026-07-13T14:05:40
PAY_00606,ORD_00606,1145257,upi,captured,2026-07-13T09:19:05
PAY_00607,ORD_00607,1092283,netbanking,captured,2026-07-13T10:34:20
PAY_00608,ORD_00608,839423,upi,captured,2026-07-13T18:43:41
PAY_00609,ORD_00609,158653,upi,captured,2026-07-13T21:15:03
PAY_00610,ORD_00610,532711,upi,captured,2026-07-13T15:39:38
PAY_00611,ORD_00611,135403,upi,captured,2026-07-13T19:11:07
PAY_00612,ORD_00612,46560,card,captured,2026-07-13T10:31:22
PAY_00613,ORD_00613,1116821,upi,captured,2026-07-13T12:10:23
PAY_00614,ORD_00614,286192,card,captured,2026-07-13T19:56:07
PAY_00615,ORD_00615,722569,card,captured,2026-07-14T09:16:45
PAY_00616,ORD_00616,1229326,upi,captured,2026-07-14T16:23:03
PAY_00617,ORD_00617,1067758,card,captured,2026-07-14T10:16:49
PAY_00618,ORD_00618,235807,card,captured,2026-07-14T09:14:47
PAY_00619,ORD_00619,1087083,upi,captured,2026-07-14T08:15:02
PAY_00620,ORD_00620,1009362,upi,captured,2026-07-14T10:59:54
PAY_00621,ORD_00621,94162,upi,captured,2026-07-14T19:41:26
PAY_00622,ORD_00622,490842,upi,captured,2026-07-14T19:20:17
PAY_00623,ORD_00623,183341,upi,captured,2026-07-14T18:57:03
PAY_00624,ORD_00624,396112,upi,captured,2026-07-14T08:25:04
PAY_00625,ORD_00625,995373,card,captured,2026-07-14T12:20:05
PAY_00626,ORD_00626,1179916,upi,captured,2026-07-14T12:36:50
PAY_00627,ORD_00627,657344,card,captured,2026-07-14T13:37:31
PAY_00628,ORD_00628,429830,card,captured,2026-07-14T20:15:09
PAY_00629,ORD_00629,33375,netbanking,failed,2026-07-14T16:22:40
PAY_00630,ORD_00630,1474292,card,captured,2026-07-14T08:48:42
PAY_00631,ORD_00631,809105,card,captured,2026-07-14T09:13:33
PAY_00632,ORD_00632,519473,upi,captured,2026-07-14T10:45:17
PAY_00633,ORD_00633,215091,upi,captured,2026-07-14T21:33:26
PAY_00634,ORD_00634,1489782,card,captured,2026-07-14T19:05:37
PAY_00635,ORD_00635,220439,upi,captured,2026-07-14T14:04:37
PAY_00636,ORD_00636,1210806,upi,captured,2026-07-14T10:15:18
PAY_00637,ORD_00637,567337,card,captured,2026-07-14T14:44:53
PAY_00638,ORD_00638,704199,upi,captured,2026-07-14T09:12:08
PAY_00639,ORD_00639,1246221,upi,captured,2026-07-14T15:29:20
PAY_00640,ORD_00640,872518,upi,captured,2026-07-14T20:13:28
PAY_00641,ORD_00641,666568,upi,captured,2026-07-14T09:10:51
PAY_00642,ORD_00642,1458761,upi,captured,2026-07-14T17:02:13
PAY_00643,ORD_00643,707433,upi,captured,2026-07-14T13:25:32
PAY_00644,ORD_00644,122656,upi,captured,2026-07-14T10:01:25
PAY_00645,ORD_00645,968334,upi,captured,2026-07-14T09:29:06
PAY_00646,ORD_00646,313167,upi,failed,2026-07-14T20:14:08
PAY_00647,ORD_00647,435515,card,captured,2026-07-14T18:41:05
PAY_00648,ORD_00648,1241221,upi,captured,2026-07-14T09:01:04
PAY_00649,ORD_00649,434712,netbanking,captured,2026-07-14T10:05:57
PAY_00650,ORD_00650,715310,upi,captured,2026-07-14T08:10:59
PAY_00651,ORD_00651,1223522,upi,captured,2026-07-14T15:01:24
PAY_00652,ORD_00652,1452801,upi,captured,2026-07-14T10:17:17
PAY_00653,ORD_00653,955353,card,failed,2026-07-14T17:39:15
PAY_00654,ORD_00654,1377441,upi,captured,2026-07-14T16:30:03
PAY_00655,ORD_00655,606732,upi,captured,2026-07-15T18:56:51
PAY_00656,ORD_00656,1122712,upi,captured,2026-07-15T16:50:01
PAY_00657,ORD_00657,822156,card,captured,2026-07-15T16:50:31
PAY_00658,ORD_00658,741491,netbanking,captured,2026-07-15T14:17:11
PAY_00659,ORD_00659,74658,upi,captured,2026-07-15T20:49:17
PAY_00660,ORD_00660,142874,card,captured,2026-07-15T13:49:37
PAY_00661,ORD_00661,508137,netbanking,captured,2026-07-15T18:15:17
PAY_00662,ORD_00662,1139228,card,captured,2026-07-15T08:48:14
PAY_00663,ORD_00663,1227313,card,captured,2026-07-15T13:59:53
PAY_00664,ORD_00664,384300,upi,captured,2026-07-15T20:47:44
PAY_00665,ORD_00665,772422,netbanking,failed,2026-07-15T19:22:36
PAY_00666,ORD_00666,1201968,upi,captured,2026-07-15T21:51:56
PAY_00667,ORD_00667,1052274,upi,captured,2026-07-15T08:05:03
PAY_00668,ORD_00668,507846,upi,failed,2026-07-15T15:00:21
PAY_00669,ORD_00669,1307933,upi,captured,2026-07-15T19:11:58
PAY_00670,ORD_00670,698614,upi,captured,2026-07-15T19:58:09
PAY_00671,ORD_00671,252617,card,captured,2026-07-15T09:23:45
PAY_00672,ORD_00672,1408607,upi,captured,2026-07-15T12:20:08
PAY_00673,ORD_00673,350309,card,captured,2026-07-15T18:31:41
PAY_00674,ORD_00674,685391,upi,captured,2026-07-15T19:56:59
PAY_00675,ORD_00675,1307041,card,captured,2026-07-15T17:52:11
PAY_00676,ORD_00676,813528,upi,captured,2026-07-15T10:11:46
PAY_00677,ORD_00677,23770,netbanking,captured,2026-07-15T14:54:49
PAY_00678,ORD_00678,1210097,upi,captured,2026-07-15T20:39:14
PAY_00679,ORD_00679,1361436,upi,captured,2026-07-15T10:21:47
PAY_00680,ORD_00680,183172,upi,captured,2026-07-15T10:40:56
PAY_00681,ORD_00681,206071,card,captured,2026-07-15T19:56:21
PAY_00682,ORD_00682,956650,upi,captured,2026-07-15T19:04:22
PAY_00683,ORD_00683,558250,card,captured,2026-07-15T08:24:28
PAY_00684,ORD_00684,900076,netbanking,captured,2026-07-15T15:56:24
PAY_00685,ORD_00685,756585,upi,captured,2026-07-15T15:50:55
PAY_00686,ORD_00686,1232270,upi,captured,2026-07-15T10:28:04
PAY_00687,ORD_00687,90071,upi,captured,2026-07-15T09:04:21
PAY_00688,ORD_00688,376736,card,captured,2026-07-15T09:35:57
PAY_00689,ORD_00689,215254,upi,captured,2026-07-15T15:45:01
PAY_00690,ORD_00690,924550,netbanking,captured,2026-07-15T14:10:03
PAY_00691,ORD_00691,232353,upi,captured,2026-07-15T14:44:35
PAY_00692,ORD_00692,1152725,upi,captured,2026-07-15T11:06:03
PAY_00693,ORD_00693,843975,upi,captured,2026-07-15T10:03:23
PAY_00694,ORD_00694,28001,upi,captured,2026-07-15T18:40:38
PAY_00695,ORD_00695,1027321,upi,failed,2026-07-15T10:40:18
PAY_00696,ORD_00696,191832,upi,captured,2026-07-15T20:25:30
PAY_00697,ORD_00697,1406301,upi,captured,2026-07-16T14:11:23
PAY_00698,ORD_00698,819948,upi,captured,2026-07-16T12:28:29
PAY_00699,ORD_00699,572391,upi,captured,2026-07-16T08:09:48
PAY_00700,ORD_00700,1480605,upi,captured,2026-07-16T13:51:34
PAY_00701,ORD_00701,888192,netbanking,captured,2026-07-16T16:03:53
PAY_00702,ORD_00702,831820,card,captured,2026-07-16T16:43:55
PAY_00703,ORD_00703,1015778,upi,captured,2026-07-16T12:05:25
PAY_00704,ORD_00704,92830,upi,captured,2026-07-16T20:36:43
PAY_00705,ORD_00705,1320807,upi,captured,2026-07-16T15:11:10
PAY_00706,ORD_00706,464365,card,captured,2026-07-16T14:05:43
PAY_00707,ORD_00707,933085,upi,captured,2026-07-16T10:53:38
PAY_00708,ORD_00708,560826,upi,captured,2026-07-16T20:04:05
PAY_00709,ORD_00709,833902,upi,captured,2026-07-16T21:17:33
PAY_00710,ORD_00710,980825,netbanking,failed,2026-07-16T19:39:37
PAY_00711,ORD_00711,1115891,card,captured,2026-07-16T10:09:36
PAY_00712,ORD_00712,1252987,upi,captured,2026-07-16T09:59:06
PAY_00713,ORD_00713,1200033,card,captured,2026-07-16T21:34:56
PAY_00714,ORD_00714,741145,card,captured,2026-07-16T18:31:36
PAY_00715,ORD_00715,1297086,upi,captured,2026-07-16T14:09:39
PAY_00716,ORD_00716,1296442,upi,captured,2026-07-16T14:56:56
PAY_00717,ORD_00717,715193,upi,failed,2026-07-16T15:58:17
PAY_00718,ORD_00718,801064,upi,captured,2026-07-16T12:19:17
PAY_00719,ORD_00719,1051000,card,captured,2026-07-16T21:14:08
PAY_00720,ORD_00720,650153,netbanking,captured,2026-07-16T21:20:17
PAY_00721,ORD_00721,894035,upi,captured,2026-07-16T15:13:58
PAY_00722,ORD_00722,873898,card,captured,2026-07-16T21:23:52
PAY_00723,ORD_00723,137872,upi,captured,2026-07-16T12:45:32
PAY_00724,ORD_00724,865959,upi,captured,2026-07-16T17:01:11
PAY_00725,ORD_00725,424254,card,captured,2026-07-16T08:15:02
PAY_00726,ORD_00726,977242,upi,captured,2026-07-16T11:17:23
PAY_00727,ORD_00727,993536,upi,captured,2026-07-16T09:43:01
PAY_00728,ORD_00728,527380,upi,captured,2026-07-16T10:55:30
PAY_00729,ORD_00729,1250777,upi,captured,2026-07-16T21:57:16
PAY_00730,ORD_00730,1464624,upi,failed,2026-07-16T08:10:54
PAY_00731,ORD_00731,1220112,card,captured,2026-07-16T11:41:14
PAY_00732,ORD_00732,1441229,upi,captured,2026-07-16T16:01:55
PAY_00733,ORD_00733,1450676,upi,captured,2026-07-16T18:11:38
PAY_00734,ORD_00734,37749,upi,captured,2026-07-16T12:45:45
PAY_00735,ORD_00735,1367924,upi,captured,2026-07-16T21:22:29
PAY_00736,ORD_00736,548479,upi,captured,2026-07-16T16:52:39
PAY_00737,ORD_00737,852889,upi,failed,2026-07-16T18:53:53
PAY_00738,ORD_00738,804816,upi,captured,2026-07-16T12:19:43
PAY_00739,ORD_00739,246711,upi,captured,2026-07-16T12:40:20
PAY_00740,ORD_00740,600669,upi,captured,2026-07-16T18:19:12
PAY_00741,ORD_00741,334424,upi,captured,2026-07-16T08:51:54
PAY_00742,ORD_00742,1278361,upi,captured,2026-07-16T10:46:01
PAY_00743,ORD_00743,1394474,upi,captured,2026-07-16T14:25:24
PAY_00744,ORD_00744,94069,upi,captured,2026-07-16T21:12:21
PAY_00745,ORD_00745,486329,upi,captured,2026-07-16T15:58:42
PAY_00746,ORD_00746,771822,upi,captured,2026-07-16T21:42:56
PAY_00747,ORD_00747,1190731,upi,captured,2026-07-16T10:47:16
PAY_00748,ORD_00748,1192374,card,captured,2026-07-16T18:57:21
PAY_00749,ORD_00749,1392448,upi,captured,2026-07-16T19:55:19
PAY_00750,ORD_00750,901794,card,captured,2026-07-16T12:37:18
PAY_00751,ORD_00751,992576,card,captured,2026-07-16T21:40:37
PAY_00752,ORD_00752,1321607,upi,captured,2026-07-17T16:07:55
PAY_00753,ORD_00753,1447526,upi,captured,2026-07-17T08:55:54
PAY_00754,ORD_00754,336205,upi,captured,2026-07-17T14:36:57
PAY_00755,ORD_00755,979596,upi,captured,2026-07-17T10:49:05
PAY_00756,ORD_00756,1042531,upi,captured,2026-07-17T13:40:03
PAY_00757,ORD_00757,29884,upi,captured,2026-07-17T20:10:36
PAY_00758,ORD_00758,352262,upi,captured,2026-07-17T09:08:39
PAY_00759,ORD_00759,929558,upi,captured,2026-07-17T15:24:00
PAY_00760,ORD_00760,99115,upi,captured,2026-07-17T08:57:20
PAY_00761,ORD_00761,1133658,upi,captured,2026-07-17T18:46:15
PAY_00762,ORD_00762,494513,upi,captured,2026-07-17T10:06:24
PAY_00763,ORD_00763,1075573,upi,captured,2026-07-17T21:02:19
PAY_00764,ORD_00764,629910,upi,captured,2026-07-17T16:21:27
PAY_00765,ORD_00765,1460282,netbanking,captured,2026-07-17T15:22:48
PAY_00766,ORD_00766,415158,upi,captured,2026-07-17T20:25:01
PAY_00767,ORD_00767,499027,upi,captured,2026-07-17T11:46:01
PAY_00768,ORD_00768,1256675,upi,captured,2026-07-17T19:41:50
PAY_00769,ORD_00769,98356,upi,captured,2026-07-17T20:34:39
PAY_00770,ORD_00770,121894,upi,failed,2026-07-17T09:41:53
PAY_00771,ORD_00771,61401,upi,captured,2026-07-17T15:24:07
PAY_00772,ORD_00772,1167734,upi,captured,2026-07-17T11:44:43
PAY_00773,ORD_00773,1341858,upi,captured,2026-07-17T09:42:33
PAY_00774,ORD_00774,586183,upi,captured,2026-07-17T14:53:57
PAY_00775,ORD_00775,240021,upi,captured,2026-07-17T12:07:50
PAY_00776,ORD_00776,242851,upi,captured,2026-07-17T20:16:53
PAY_00777,ORD_00777,1117116,netbanking,captured,2026-07-17T14:18:10
PAY_00778,ORD_00778,102639,upi,captured,2026-07-17T19:59:30
PAY_00779,ORD_00779,713326,upi,failed,2026-07-17T09:58:07
PAY_00780,ORD_00780,1224085,upi,captured,2026-07-17T09:49:32
PAY_00781,ORD_00781,177387,card,captured,2026-07-17T12:41:14
PAY_00782,ORD_00782,977876,netbanking,captured,2026-07-17T15:03:06
PAY_00783,ORD_00783,386376,card,captured,2026-07-17T13:51:43
PAY_00784,ORD_00784,675794,upi,captured,2026-07-17T21:48:56
PAY_00785,ORD_00785,116236,upi,captured,2026-07-17T18:10:21
PAY_00786,ORD_00786,769789,card,captured,2026-07-17T12:56:46
PAY_00787,ORD_00787,214933,upi,captured,2026-07-17T09:25:25
PAY_00788,ORD_00788,977431,upi,captured,2026-07-17T21:30:51
PAY_00789,ORD_00789,904452,upi,captured,2026-07-17T09:08:44
PAY_00790,ORD_00790,142990,netbanking,captured,2026-07-17T09:26:58
PAY_00791,ORD_00791,1258893,upi,captured,2026-07-17T15:11:39
PAY_00792,ORD_00792,816395,card,captured,2026-07-17T21:43:56
PAY_00793,ORD_00793,294004,upi,captured,2026-07-17T14:28:02
PAY_00794,ORD_00794,152825,upi,captured,2026-07-17T19:55:43
PAY_00795,ORD_00795,1120622,card,captured,2026-07-17T17:14:42
PAY_00796,ORD_00796,729467,upi,captured,2026-07-17T17:06:27
PAY_00797,ORD_00797,1407713,card,captured,2026-07-17T18:43:41
PAY_00798,ORD_00798,827144,upi,captured,2026-07-17T17:03:00
PAY_00799,ORD_00799,1369304,netbanking,captured,2026-07-17T15:54:31
PAY_00800,ORD_00800,366877,upi,captured,2026-07-17T11:21:17
PAY_00801,ORD_00801,125593,upi,captured,2026-07-17T14:25:52
PAY_00802,ORD_00802,512830,upi,captured,2026-07-17T17:28:05
PAY_00803,ORD_00803,1065338,upi,captured,2026-07-17T15:47:41
PAY_00804,ORD_00804,57264,upi,captured,2026-07-17T16:35:00
PAY_00805,ORD_00805,210621,card,captured,2026-07-17T18:19:56
PAY_00806,ORD_00806,1086061,upi,captured,2026-07-17T15:21:23
PAY_00807,ORD_00807,133823,card,captured,2026-07-17T13:35:49
PAY_00808,ORD_00808,1319726,upi,captured,2026-07-17T13:45:28
PAY_00809,ORD_00809,259124,upi,captured,2026-07-17T08:21:22
PAY_00810,ORD_00810,632333,upi,captured,2026-07-18T09:02:57
PAY_00811,ORD_00811,364258,upi,captured,2026-07-18T19:46:26
PAY_00812,ORD_00812,244314,upi,captured,2026-07-18T09:59:54
PAY_00813,ORD_00813,843963,upi,captured,2026-07-18T11:45:21
PAY_00814,ORD_00814,246001,card,failed,2026-07-18T18:53:43
PAY_00815,ORD_00815,1254826,upi,captured,2026-07-18T15:42:37
PAY_00816,ORD_00816,1077378,upi,captured,2026-07-18T16:47:03
PAY_00817,ORD_00817,1180199,netbanking,captured,2026-07-18T15:59:32
PAY_00818,ORD_00818,391620,upi,captured,2026-07-18T21:08:06
PAY_00819,ORD_00819,832448,upi,captured,2026-07-18T13:32:56
PAY_00820,ORD_00820,826696,upi,captured,2026-07-18T19:48:15
PAY_00821,ORD_00821,593772,upi,captured,2026-07-18T12:28:51
PAY_00822,ORD_00822,299701,upi,captured,2026-07-18T19:32:19
PAY_00823,ORD_00823,1491140,upi,captured,2026-07-18T19:59:35
PAY_00824,ORD_00824,1346623,upi,captured,2026-07-18T19:18:43
PAY_00825,ORD_00825,744133,netbanking,captured,2026-07-18T19:41:11
PAY_00826,ORD_00826,1076741,upi,captured,2026-07-18T19:07:48
PAY_00827,ORD_00827,758696,upi,captured,2026-07-18T18:45:26
PAY_00828,ORD_00828,1433991,card,captured,2026-07-18T12:56:54
PAY_00829,ORD_00829,905808,card,captured,2026-07-18T08:24:09
PAY_00830,ORD_00830,131285,upi,captured,2026-07-18T20:50:10
PAY_00831,ORD_00831,621076,upi,captured,2026-07-18T08:44:50
PAY_00832,ORD_00832,638954,upi,captured,2026-07-18T13:52:28
PAY_00833,ORD_00833,234916,upi,captured,2026-07-18T16:55:14
PAY_00834,ORD_00834,1377107,upi,captured,2026-07-18T20:50:51
PAY_00835,ORD_00835,1479887,upi,captured,2026-07-18T14:24:26
PAY_00836,ORD_00836,1456861,upi,captured,2026-07-18T08:47:16
PAY_00837,ORD_00837,445904,upi,captured,2026-07-18T21:28:53
PAY_00838,ORD_00838,493009,netbanking,captured,2026-07-18T18:23:48
PAY_00839,ORD_00839,1253933,upi,captured,2026-07-18T20:46:12
PAY_00840,ORD_00840,636935,upi,captured,2026-07-18T09:11:11
PAY_00841,ORD_00841,1097614,upi,failed,2026-07-18T12:35:16
PAY_00842,ORD_00842,292769,upi,captured,2026-07-18T08:21:29
PAY_00843,ORD_00843,344651,upi,captured,2026-07-18T17:03:49
PAY_00844,ORD_00844,1331488,upi,captured,2026-07-18T15:50:36
PAY_00845,ORD_00845,1173769,upi,captured,2026-07-18T13:33:14
PAY_00846,ORD_00846,1111790,upi,captured,2026-07-19T14:34:34
PAY_00847,ORD_00847,866026,upi,captured,2026-07-19T11:42:21
PAY_00848,ORD_00848,714296,upi,captured,2026-07-19T20:39:33
PAY_00849,ORD_00849,1015847,netbanking,captured,2026-07-19T18:00:07
PAY_00850,ORD_00850,1422865,upi,captured,2026-07-19T18:39:58
PAY_00851,ORD_00851,1322607,upi,failed,2026-07-19T13:24:58
PAY_00852,ORD_00852,257762,upi,captured,2026-07-19T12:01:58
PAY_00853,ORD_00853,1103950,card,captured,2026-07-19T20:32:28
PAY_00854,ORD_00854,1040903,upi,captured,2026-07-19T11:20:32
PAY_00855,ORD_00855,192690,netbanking,captured,2026-07-19T20:34:34
PAY_00856,ORD_00856,35373,upi,captured,2026-07-19T18:49:13
PAY_00857,ORD_00857,1457398,upi,captured,2026-07-19T16:53:44
PAY_00858,ORD_00858,932759,upi,captured,2026-07-19T19:43:09
PAY_00859,ORD_00859,69813,upi,captured,2026-07-19T09:04:03
PAY_00860,ORD_00860,393276,card,captured,2026-07-19T17:52:14
PAY_00861,ORD_00861,562424,upi,captured,2026-07-19T14:27:20
PAY_00862,ORD_00862,55422,upi,captured,2026-07-19T08:41:46
PAY_00863,ORD_00863,1316772,upi,captured,2026-07-19T08:44:54
PAY_00864,ORD_00864,172231,upi,captured,2026-07-19T12:50:43
PAY_00865,ORD_00865,651978,upi,captured,2026-07-19T15:24:25
PAY_00866,ORD_00866,1405636,upi,captured,2026-07-19T11:08:47
PAY_00867,ORD_00867,839970,card,captured,2026-07-19T12:40:09
PAY_00868,ORD_00868,645069,upi,captured,2026-07-19T20:55:46
PAY_00869,ORD_00869,1378829,upi,captured,2026-07-19T16:55:35
PAY_00870,ORD_00870,316482,upi,failed,2026-07-19T17:25:34
PAY_00871,ORD_00871,1168244,netbanking,captured,2026-07-19T19:47:57
PAY_00872,ORD_00872,741109,upi,captured,2026-07-19T21:32:09
PAY_00873,ORD_00873,405860,upi,captured,2026-07-20T11:07:11
PAY_00874,ORD_00874,1427142,card,captured,2026-07-20T21:48:59
PAY_00875,ORD_00875,1171024,upi,captured,2026-07-20T12:42:04
PAY_00876,ORD_00876,545730,upi,captured,2026-07-20T15:21:22
PAY_00877,ORD_00877,288886,upi,captured,2026-07-20T12:39:04
PAY_00878,ORD_00878,425795,upi,captured,2026-07-20T17:42:19
PAY_00879,ORD_00879,1474287,upi,captured,2026-07-20T13:51:20
PAY_00880,ORD_00880,918225,upi,captured,2026-07-20T20:14:45
PAY_00881,ORD_00881,1363935,upi,captured,2026-07-20T10:43:46
PAY_00882,ORD_00882,715337,card,captured,2026-07-20T13:49:19
PAY_00883,ORD_00883,1041253,upi,captured,2026-07-20T17:05:53
PAY_00884,ORD_00884,608494,card,captured,2026-07-20T16:12:16
PAY_00885,ORD_00885,1334115,upi,failed,2026-07-20T08:54:32
PAY_00886,ORD_00886,1344616,upi,captured,2026-07-20T14:49:37
PAY_00887,ORD_00887,466191,netbanking,captured,2026-07-20T16:57:34
PAY_00888,ORD_00888,1010073,upi,captured,2026-07-20T14:14:57
PAY_00889,ORD_00889,1256482,card,captured,2026-07-20T15:32:32
PAY_00890,ORD_00890,209905,upi,captured,2026-07-20T18:15:54
PAY_00891,ORD_00891,1307726,upi,captured,2026-07-20T10:28:10
PAY_00892,ORD_00892,395694,upi,captured,2026-07-20T21:09:47
PAY_00893,ORD_00893,1033980,netbanking,failed,2026-07-20T20:31:14
PAY_00894,ORD_00894,151829,upi,captured,2026-07-20T18:13:33
PAY_00895,ORD_00895,777599,upi,captured,2026-07-20T08:02:41
PAY_00896,ORD_00896,699626,upi,captured,2026-07-20T18:53:17
PAY_00897,ORD_00897,572213,upi,captured,2026-07-20T14:41:24
PAY_00898,ORD_00898,786082,upi,captured,2026-07-20T09:33:16
PAY_00899,ORD_00899,809218,netbanking,captured,2026-07-20T14:22:52
PAY_00900,ORD_00900,743585,upi,captured,2026-07-20T17:00:32
PAY_00901,ORD_00901,311437,upi,captured,2026-07-20T16:41:17
PAY_00902,ORD_00902,463583,upi,captured,2026-07-20T17:45:52
PAY_00903,ORD_00903,268156,upi,captured,2026-07-20T13:46:07
PAY_00904,ORD_00904,1029813,upi,captured,2026-07-20T17:10:41
PAY_00905,ORD_00905,881718,upi,failed,2026-07-20T17:37:10
PAY_00906,ORD_00906,302536,upi,failed,2026-07-20T17:09:03
PAY_00907,ORD_00907,368843,upi,captured,2026-07-20T14:38:36
PAY_00908,ORD_00908,1357191,upi,captured,2026-07-20T18:52:18
PAY_00909,ORD_00909,199827,upi,captured,2026-07-20T15:55:30
PAY_00910,ORD_00910,377704,upi,captured,2026-07-20T10:50:37
PAY_00911,ORD_00911,401438,upi,captured,2026-07-20T10:46:43
PAY_00912,ORD_00912,738633,netbanking,captured,2026-07-20T09:14:24
PAY_00913,ORD_00913,828372,upi,failed,2026-07-20T16:55:58
PAY_00914,ORD_00914,1077718,upi,captured,2026-07-20T17:06:11
PAY_00915,ORD_00915,1017970,netbanking,captured,2026-07-20T20:34:32
PAY_00916,ORD_00916,266449,upi,captured,2026-07-20T17:34:52
PAY_00917,ORD_00917,22517,card,captured,2026-07-20T18:27:33
PAY_00918,ORD_00918,796737,card,captured,2026-07-21T14:14:51
PAY_00919,ORD_00919,1031086,card,captured,2026-07-21T17:51:47
PAY_00920,ORD_00920,1481101,upi,captured,2026-07-21T12:30:49
PAY_00921,ORD_00921,507614,netbanking,captured,2026-07-21T17:56:34
PAY_00922,ORD_00922,876994,upi,failed,2026-07-21T19:50:00
PAY_00923,ORD_00923,1232126,upi,captured,2026-07-21T14:41:13
PAY_00924,ORD_00924,1462351,card,captured,2026-07-21T09:09:27
PAY_00925,ORD_00925,1386453,upi,captured,2026-07-21T16:27:36
PAY_00926,ORD_00926,786811,upi,captured,2026-07-21T14:48:13
PAY_00927,ORD_00927,886602,upi,captured,2026-07-21T10:23:35
PAY_00928,ORD_00928,1183733,upi,captured,2026-07-21T17:22:49
PAY_00929,ORD_00929,1499529,upi,captured,2026-07-21T21:42:07
PAY_00930,ORD_00930,501865,upi,captured,2026-07-21T10:06:13
PAY_00931,ORD_00931,1086073,upi,captured,2026-07-21T16:39:44
PAY_00932,ORD_00932,1455635,card,captured,2026-07-21T18:00:51
PAY_00933,ORD_00933,211026,card,captured,2026-07-21T17:27:05
PAY_00934,ORD_00934,154386,upi,captured,2026-07-21T17:02:46
PAY_00935,ORD_00935,825990,netbanking,captured,2026-07-21T18:33:18
PAY_00936,ORD_00936,1272990,upi,captured,2026-07-21T10:40:31
PAY_00937,ORD_00937,940591,upi,captured,2026-07-21T20:33:18
PAY_00938,ORD_00938,428413,upi,captured,2026-07-21T16:44:14
PAY_00939,ORD_00939,1310146,upi,failed,2026-07-21T11:41:00
PAY_00940,ORD_00940,350185,upi,captured,2026-07-21T14:22:42
PAY_00941,ORD_00941,848675,upi,captured,2026-07-21T08:47:45
PAY_00942,ORD_00942,163900,netbanking,captured,2026-07-21T19:53:35
PAY_00943,ORD_00943,1242497,upi,captured,2026-07-21T12:14:38
PAY_00944,ORD_00944,427948,upi,captured,2026-07-21T08:16:11
PAY_00945,ORD_00945,873823,upi,captured,2026-07-21T16:18:21
PAY_00946,ORD_00946,265385,card,captured,2026-07-21T16:52:50
PAY_00947,ORD_00947,1225639,upi,captured,2026-07-21T14:36:30
PAY_00948,ORD_00948,530180,card,captured,2026-07-21T15:43:29
PAY_00949,ORD_00949,1250664,card,captured,2026-07-21T12:04:24
PAY_00950,ORD_00950,1348885,card,captured,2026-07-21T19:14:51
PAY_00951,ORD_00951,682135,upi,captured,2026-07-21T16:00:44
PAY_00952,ORD_00952,572284,upi,captured,2026-07-21T18:47:52
PAY_00953,ORD_00953,737211,upi,captured,2026-07-21T15:20:22
PAY_00954,ORD_00954,478366,card,captured,2026-07-21T19:43:59
PAY_00955,ORD_00955,418810,upi,captured,2026-07-21T19:15:55
PAY_00956,ORD_00956,576595,upi,captured,2026-07-21T11:53:39
PAY_00957,ORD_00957,766643,upi,captured,2026-07-21T09:43:42
PAY_00958,ORD_00958,1053193,upi,captured,2026-07-21T16:02:54
PAY_00959,ORD_00959,1031439,upi,captured,2026-07-21T17:55:17
PAY_00960,ORD_00960,1049293,upi,captured,2026-07-21T16:17:25
PAY_00961,ORD_00961,485762,card,captured,2026-07-21T16:51:27
PAY_00962,ORD_00962,1023109,netbanking,failed,2026-07-21T13:25:55
PAY_00963,ORD_00963,1459356,card,captured,2026-07-21T09:44:33
PAY_00964,ORD_00964,984837,upi,failed,2026-07-21T18:13:24
PAY_00965,ORD_00965,1238462,upi,captured,2026-07-21T21:16:11
PAY_00966,ORD_00966,1170420,upi,captured,2026-07-21T17:21:23
PAY_00967,ORD_00967,405694,upi,captured,2026-07-21T19:48:23
PAY_00968,ORD_00968,785624,card,captured,2026-07-21T10:36:08
PAY_00969,ORD_00969,1227734,upi,captured,2026-07-21T19:17:51
PAY_00970,ORD_00970,514519,upi,captured,2026-07-21T11:09:51
PAY_00971,ORD_00971,1011925,card,captured,2026-07-22T15:08:57
PAY_00972,ORD_00972,1342573,upi,captured,2026-07-22T20:31:19
PAY_00973,ORD_00973,546330,upi,captured,2026-07-22T14:06:44
PAY_00974,ORD_00974,362552,upi,captured,2026-07-22T15:53:40
PAY_00975,ORD_00975,221959,upi,captured,2026-07-22T13:23:35
PAY_00976,ORD_00976,1189144,netbanking,captured,2026-07-22T08:26:07
PAY_00977,ORD_00977,756290,card,captured,2026-07-22T11:36:36
PAY_00978,ORD_00978,1382866,upi,captured,2026-07-22T20:18:22
PAY_00979,ORD_00979,701763,upi,captured,2026-07-22T19:28:56
PAY_00980,ORD_00980,184432,upi,captured,2026-07-22T18:09:55
PAY_00981,ORD_00981,371431,upi,captured,2026-07-22T14:40:39
PAY_00982,ORD_00982,1218810,upi,captured,2026-07-22T09:10:21
PAY_00983,ORD_00983,498607,upi,captured,2026-07-22T19:17:38
PAY_00984,ORD_00984,1371917,upi,captured,2026-07-22T20:55:23
PAY_00985,ORD_00985,1250859,upi,captured,2026-07-22T10:11:54
PAY_00986,ORD_00986,68446,upi,captured,2026-07-22T12:47:44
PAY_00987,ORD_00987,187907,upi,captured,2026-07-22T09:04:59
PAY_00988,ORD_00988,1012342,upi,failed,2026-07-22T14:33:48
PAY_00989,ORD_00989,194590,upi,captured,2026-07-22T09:41:59
PAY_00990,ORD_00990,837566,upi,captured,2026-07-22T12:28:40
PAY_00991,ORD_00991,285104,upi,captured,2026-07-22T08:02:42
PAY_00992,ORD_00992,768350,card,captured,2026-07-22T15:29:55
PAY_00993,ORD_00993,1153687,netbanking,captured,2026-07-22T10:44:34
PAY_00994,ORD_00994,391272,upi,captured,2026-07-22T19:40:56
PAY_00995,ORD_00995,1202761,upi,captured,2026-07-22T16:19:58
PAY_00996,ORD_00996,748064,upi,captured,2026-07-22T09:28:19
PAY_00997,ORD_00997,787103,upi,captured,2026-07-22T08:00:33
PAY_00998,ORD_00998,305842,upi,captured,2026-07-22T08:44:59
PAY_00999,ORD_00999,1051655,netbanking,captured,2026-07-22T08:49:27
PAY_01000,ORD_01000,634303,upi,captured,2026-07-22T16:23:12
PAY_01001,ORD_01001,883472,card,captured,2026-07-22T11:10:45
PAY_01002,ORD_01002,1374740,upi,captured,2026-07-22T12:05:27
PAY_01003,ORD_01003,1331397,upi,captured,2026-07-22T17:51:44
PAY_01004,ORD_01004,1455794,upi,captured,2026-07-22T16:51:17
PAY_01005,ORD_01005,885922,upi,failed,2026-07-22T10:18:07
PAY_01006,ORD_01006,1355660,upi,captured,2026-07-22T19:39:31
PAY_01007,ORD_01007,413823,upi,captured,2026-07-22T16:01:11
PAY_01008,ORD_01008,234483,upi,captured,2026-07-22T15:46:00
PAY_01009,ORD_01009,508239,upi,failed,2026-07-22T11:21:26
PAY_01010,ORD_01010,673423,card,captured,2026-07-22T13:29:44
PAY_01011,ORD_01011,86557,upi,captured,2026-07-22T10:03:17
PAY_01012,ORD_01012,842968,upi,captured,2026-07-22T11:57:53
PAY_01013,ORD_01013,544454,card,captured,2026-07-22T09:49:45
PAY_01014,ORD_01014,542111,upi,captured,2026-07-22T11:47:02
PAY_01015,ORD_01015,986440,card,captured,2026-07-23T18:13:30
PAY_01016,ORD_01016,836049,upi,captured,2026-07-23T13:10:40
PAY_01017,ORD_01017,108470,card,captured,2026-07-23T09:16:30
PAY_01018,ORD_01018,1359073,upi,captured,2026-07-23T08:55:42
PAY_01019,ORD_01019,476735,netbanking,captured,2026-07-23T14:20:00
PAY_01020,ORD_01020,370980,card,captured,2026-07-23T14:50:15
PAY_01021,ORD_01021,38727,netbanking,captured,2026-07-23T19:30:44
PAY_01022,ORD_01022,1270347,upi,captured,2026-07-23T11:10:31
PAY_01023,ORD_01023,211682,upi,captured,2026-07-23T20:40:03
PAY_01024,ORD_01024,145357,upi,captured,2026-07-23T16:50:06
PAY_01025,ORD_01025,283879,upi,captured,2026-07-23T16:50:41
PAY_01026,ORD_01026,748378,card,captured,2026-07-23T11:01:44
PAY_01027,ORD_01027,812238,upi,captured,2026-07-23T08:31:45
PAY_01028,ORD_01028,937504,upi,captured,2026-07-23T15:12:36
PAY_01029,ORD_01029,411384,upi,captured,2026-07-23T15:17:55
PAY_01030,ORD_01030,1275522,netbanking,captured,2026-07-23T09:33:09
PAY_01031,ORD_01031,962426,upi,captured,2026-07-23T13:29:00
PAY_01032,ORD_01032,1358037,upi,captured,2026-07-23T08:39:54
PAY_01033,ORD_01033,783521,card,captured,2026-07-23T19:04:42
PAY_01034,ORD_01034,1150273,card,captured,2026-07-23T18:31:49
PAY_01035,ORD_01035,1176511,upi,captured,2026-07-23T14:41:20
PAY_01036,ORD_01036,251660,upi,captured,2026-07-23T08:53:08
PAY_01037,ORD_01037,394632,card,captured,2026-07-23T15:12:06
PAY_01038,ORD_01038,86725,upi,captured,2026-07-23T18:31:33
PAY_01039,ORD_01039,1328560,card,captured,2026-07-23T13:14:38
PAY_01040,ORD_01040,168633,upi,captured,2026-07-23T18:31:59
PAY_01041,ORD_01041,187681,upi,captured,2026-07-23T13:35:47
PAY_01042,ORD_01042,892317,card,captured,2026-07-23T08:52:39
PAY_01043,ORD_01043,577455,upi,captured,2026-07-23T21:19:04
PAY_01044,ORD_01044,472775,netbanking,captured,2026-07-23T19:14:34
PAY_01045,ORD_01045,828097,upi,captured,2026-07-23T11:36:40
PAY_01046,ORD_01046,395176,upi,captured,2026-07-23T19:06:49
PAY_01047,ORD_01047,1359292,upi,captured,2026-07-23T19:42:27
PAY_01048,ORD_01048,238318,upi,captured,2026-07-23T14:32:21
PAY_01049,ORD_01049,1398944,upi,captured,2026-07-23T15:59:22
PAY_01050,ORD_01050,680927,upi,captured,2026-07-23T21:23:26
PAY_01051,ORD_01051,1348002,upi,captured,2026-07-23T17:15:36
PAY_01052,ORD_01052,1164261,upi,captured,2026-07-23T19:16:23
PAY_01053,ORD_01053,968758,upi,captured,2026-07-23T19:02:18
PAY_01054,ORD_01054,1269405,upi,captured,2026-07-23T12:00:19
PAY_01055,ORD_01055,485330,upi,captured,2026-07-23T20:52:44
PAY_01056,ORD_01056,598724,netbanking,captured,2026-07-23T17:59:36
PAY_01057,ORD_01057,344460,upi,captured,2026-07-23T10:08:16
PAY_01058,ORD_01058,789828,card,captured,2026-07-23T12:51:19
PAY_01059,ORD_01059,212739,upi,captured,2026-07-23T11:46:04
PAY_01060,ORD_01060,700928,card,captured,2026-07-23T21:57:44
PAY_01061,ORD_01061,219992,upi,captured,2026-07-24T19:51:36
PAY_01062,ORD_01062,820160,upi,failed,2026-07-24T20:21:22
PAY_01063,ORD_01063,930802,upi,captured,2026-07-24T21:49:14
PAY_01064,ORD_01064,1388977,card,captured,2026-07-24T18:49:40
PAY_01065,ORD_01065,822133,upi,captured,2026-07-24T13:34:36
PAY_01066,ORD_01066,333692,upi,captured,2026-07-24T10:03:43
PAY_01067,ORD_01067,843934,netbanking,captured,2026-07-24T17:32:05
PAY_01068,ORD_01068,485747,upi,captured,2026-07-24T10:08:21
PAY_01069,ORD_01069,193109,upi,captured,2026-07-24T16:25:16
PAY_01070,ORD_01070,198423,upi,captured,2026-07-24T19:08:48
PAY_01071,ORD_01071,302844,upi,captured,2026-07-24T14:41:36
PAY_01072,ORD_01072,431250,upi,captured,2026-07-24T16:15:15
PAY_01073,ORD_01073,170248,upi,captured,2026-07-24T18:59:36
PAY_01074,ORD_01074,207893,upi,captured,2026-07-24T13:22:12
PAY_01075,ORD_01075,692637,upi,captured,2026-07-24T20:19:10
PAY_01076,ORD_01076,753408,upi,captured,2026-07-24T15:39:09
PAY_01077,ORD_01077,943718,upi,captured,2026-07-24T11:43:23
PAY_01078,ORD_01078,347137,card,captured,2026-07-24T09:47:03
PAY_01079,ORD_01079,529709,netbanking,captured,2026-07-24T21:53:52
PAY_01080,ORD_01080,623319,upi,captured,2026-07-24T09:19:28
PAY_01081,ORD_01081,1008157,upi,captured,2026-07-24T16:13:13
PAY_01082,ORD_01082,1165934,upi,captured,2026-07-24T15:39:46
PAY_01083,ORD_01083,316427,upi,captured,2026-07-24T14:37:57
PAY_01084,ORD_01084,1411519,upi,captured,2026-07-24T08:18:12
PAY_01085,ORD_01085,1480722,upi,failed,2026-07-24T18:00:04
PAY_01086,ORD_01086,835047,upi,captured,2026-07-24T18:23:55
PAY_01087,ORD_01087,246264,upi,captured,2026-07-24T18:24:14
PAY_01088,ORD_01088,818388,upi,captured,2026-07-24T13:31:55
PAY_01089,ORD_01089,1272222,upi,captured,2026-07-24T16:29:35
PAY_01090,ORD_01090,65064,upi,captured,2026-07-24T12:21:31
PAY_01091,ORD_01091,845019,card,failed,2026-07-24T18:22:22
PAY_01092,ORD_01092,1331204,upi,captured,2026-07-24T16:17:51
PAY_01093,ORD_01093,150043,upi,captured,2026-07-24T21:01:35
PAY_01094,ORD_01094,607609,upi,captured,2026-07-24T14:42:08
PAY_01095,ORD_01095,204119,card,captured,2026-07-24T18:39:55
PAY_01096,ORD_01096,1331820,upi,captured,2026-07-24T17:09:27
PAY_01097,ORD_01097,675114,netbanking,captured,2026-07-24T16:08:13
PAY_01098,ORD_01098,1388334,upi,captured,2026-07-24T20:12:55
PAY_01099,ORD_01099,309636,upi,captured,2026-07-24T16:58:08
PAY_01100,ORD_01100,921910,netbanking,captured,2026-07-24T10:41:59
PAY_01101,ORD_01101,1204564,netbanking,captured,2026-07-24T16:34:46
PAY_01102,ORD_01102,268276,upi,captured,2026-07-24T10:46:01
PAY_01103,ORD_01103,688336,card,captured,2026-07-24T14:19:28
PAY_01104,ORD_01104,1355565,netbanking,captured,2026-07-24T20:12:06
PAY_01105,ORD_01105,295871,upi,captured,2026-07-24T17:39:17
PAY_01106,ORD_01106,1290044,upi,captured,2026-07-24T11:14:43
PAY_01107,ORD_01107,74703,upi,captured,2026-07-24T15:08:32
PAY_01108,ORD_01108,1288172,upi,captured,2026-07-24T10:54:24
PAY_01109,ORD_01109,1050636,upi,captured,2026-07-24T11:02:26
PAY_01110,ORD_01110,51487,netbanking,captured,2026-07-24T11:47:42
PAY_01111,ORD_01111,445372,card,failed,2026-07-24T15:55:39
PAY_01112,ORD_01112,1047484,upi,captured,2026-07-24T11:27:25
PAY_01113,ORD_01113,107716,upi,captured,2026-07-24T19:20:25
PAY_01114,ORD_01114,1302418,netbanking,captured,2026-07-24T16:33:41
PAY_01115,ORD_01115,1496631,card,captured,2026-07-24T15:29:52
PAY_01116,ORD_01116,108952,card,captured,2026-07-24T16:25:47
PAY_01117,ORD_01117,102316,upi,captured,2026-07-24T18:03:12
PAY_01118,ORD_01118,630647,upi,captured,2026-07-24T20:52:18
PAY_01119,ORD_01119,369147,upi,captured,2026-07-25T08:44:33
PAY_01120,ORD_01120,318298,upi,captured,2026-07-25T09:46:32
PAY_01121,ORD_01121,257338,upi,captured,2026-07-25T19:34:08
PAY_01122,ORD_01122,844320,upi,captured,2026-07-25T10:29:37
PAY_01123,ORD_01123,443482,card,captured,2026-07-25T13:44:41
PAY_01124,ORD_01124,363920,card,captured,2026-07-25T09:45:28
PAY_01125,ORD_01125,1349746,upi,captured,2026-07-25T14:46:50
PAY_01126,ORD_01126,1093042,upi,captured,2026-07-25T16:24:02
PAY_01127,ORD_01127,378371,netbanking,captured,2026-07-25T18:55:09
PAY_01128,ORD_01128,359998,card,captured,2026-07-25T19:03:26
PAY_01129,ORD_01129,666053,upi,captured,2026-07-25T15:18:40
PAY_01130,ORD_01130,398947,upi,captured,2026-07-25T11:00:39
PAY_01131,ORD_01131,550812,upi,captured,2026-07-25T15:34:51
PAY_01132,ORD_01132,32059,upi,captured,2026-07-25T11:37:42
PAY_01133,ORD_01133,1017640,upi,captured,2026-07-25T17:38:00
PAY_01134,ORD_01134,533200,card,captured,2026-07-25T18:35:52
PAY_01135,ORD_01135,455447,upi,captured,2026-07-25T18:22:02
PAY_01136,ORD_01136,324872,card,captured,2026-07-25T21:38:19
PAY_01137,ORD_01137,714390,netbanking,failed,2026-07-25T14:11:10
PAY_01138,ORD_01138,1429475,upi,captured,2026-07-25T19:38:36
PAY_01139,ORD_01139,1198971,upi,captured,2026-07-25T17:23:59
PAY_01140,ORD_01140,95162,upi,captured,2026-07-25T13:57:24
PAY_01141,ORD_01141,161907,card,captured,2026-07-25T09:18:30
PAY_01142,ORD_01142,302162,upi,captured,2026-07-25T13:33:26
PAY_01143,ORD_01143,1120262,upi,captured,2026-07-25T08:06:36
PAY_01144,ORD_01144,1339063,upi,captured,2026-07-25T19:44:38
PAY_01145,ORD_01145,622275,upi,captured,2026-07-25T12:33:36
PAY_01146,ORD_01146,1327037,upi,captured,2026-07-25T17:31:33
PAY_01147,ORD_01147,1345101,upi,captured,2026-07-25T17:14:45
PAY_01148,ORD_01148,629197,netbanking,failed,2026-07-25T08:29:40
PAY_01149,ORD_01149,267308,card,captured,2026-07-25T17:26:26
PAY_01150,ORD_01150,115404,upi,captured,2026-07-25T18:13:00
PAY_01151,ORD_01151,441920,upi,captured,2026-07-26T09:19:19
PAY_01152,ORD_01152,1082605,upi,captured,2026-07-26T09:43:21
PAY_01153,ORD_01153,735887,upi,captured,2026-07-26T08:53:11
PAY_01154,ORD_01154,426880,upi,captured,2026-07-26T18:30:58
PAY_01155,ORD_01155,1015099,card,captured,2026-07-26T15:09:40
PAY_01156,ORD_01156,985985,card,captured,2026-07-26T13:29:50
PAY_01157,ORD_01157,888122,netbanking,failed,2026-07-26T16:19:36
PAY_01158,ORD_01158,1442283,upi,captured,2026-07-26T11:36:43
PAY_01159,ORD_01159,715665,card,captured,2026-07-26T13:04:09
PAY_01160,ORD_01160,608167,card,captured,2026-07-26T14:40:34
PAY_01161,ORD_01161,368063,upi,captured,2026-07-26T17:07:55
PAY_01162,ORD_01162,666512,card,captured,2026-07-26T08:17:26
PAY_01163,ORD_01163,202028,upi,captured,2026-07-26T15:53:19
PAY_01164,ORD_01164,473278,upi,captured,2026-07-26T13:50:02
PAY_01165,ORD_01165,443831,netbanking,captured,2026-07-26T08:51:30
PAY_01166,ORD_01166,1068689,upi,captured,2026-07-26T15:46:55
PAY_01167,ORD_01167,1118127,upi,captured,2026-07-26T20:55:06
PAY_01168,ORD_01168,1102437,upi,captured,2026-07-26T19:02:29
PAY_01169,ORD_01169,832831,card,captured,2026-07-26T08:19:59
PAY_01170,ORD_01170,112337,upi,captured,2026-07-26T09:21:29
PAY_01171,ORD_01171,116762,upi,captured,2026-07-26T19:19:01
PAY_01172,ORD_01172,1231230,card,captured,2026-07-26T11:20:12
PAY_01173,ORD_01173,423797,upi,captured,2026-07-26T20:28:42
PAY_01174,ORD_01174,266731,upi,captured,2026-07-26T09:00:39
PAY_01175,ORD_01175,1193620,upi,captured,2026-07-26T13:35:20
PAY_01176,ORD_01176,588437,upi,captured,2026-07-26T12:36:15
PAY_01177,ORD_01177,379189,upi,captured,2026-07-26T13:34:28
PAY_01178,ORD_01178,126380,upi,captured,2026-07-26T18:03:06
PAY_01179,ORD_01179,824466,upi,captured,2026-07-26T10:45:38
PAY_01180,ORD_01180,1263099,upi,captured,2026-07-26T15:39:22
PAY_01181,ORD_01181,675235,upi,captured,2026-07-26T20:42:51
PAY_01182,ORD_01182,1138798,upi,captured,2026-07-26T20:29:36
PAY_01183,ORD_01183,296394,upi,captured,2026-07-26T19:29:06
PAY_01184,ORD_01184,975429,upi,captured,2026-07-26T20:29:30
PAY_01185,ORD_01185,505897,netbanking,captured,2026-07-26T17:16:58
PAY_01186,ORD_01186,782208,upi,captured,2026-07-26T18:21:50
PAY_01187,ORD_01187,970603,upi,failed,2026-07-27T09:22:30
PAY_01188,ORD_01188,987293,card,captured,2026-07-27T13:38:36
PAY_01189,ORD_01189,287164,upi,captured,2026-07-27T19:50:06
PAY_01190,ORD_01190,703398,upi,failed,2026-07-27T12:34:29
PAY_01191,ORD_01191,860573,upi,captured,2026-07-27T11:35:10
PAY_01192,ORD_01192,1031612,upi,captured,2026-07-27T21:44:37
PAY_01193,ORD_01193,924183,card,captured,2026-07-27T20:21:34
PAY_01194,ORD_01194,1475702,upi,captured,2026-07-27T09:47:59
PAY_01195,ORD_01195,1224160,card,captured,2026-07-27T17:29:20
PAY_01196,ORD_01196,1184103,upi,captured,2026-07-27T12:25:04
PAY_01197,ORD_01197,1274640,upi,captured,2026-07-27T20:52:24
PAY_01198,ORD_01198,706624,upi,captured,2026-07-27T09:13:52
PAY_01199,ORD_01199,311329,card,captured,2026-07-27T18:51:00
PAY_01200,ORD_01200,327705,upi,captured,2026-07-27T12:24:39
PAY_01201,ORD_01201,1232010,upi,captured,2026-07-27T13:19:36
PAY_01202,ORD_01202,1445138,upi,captured,2026-07-27T14:45:58
PAY_01203,ORD_01203,741975,netbanking,captured,2026-07-27T17:32:25
PAY_01204,ORD_01204,287503,card,failed,2026-07-27T16:03:00
PAY_01205,ORD_01205,1495040,upi,captured,2026-07-27T09:55:18
PAY_01206,ORD_01206,85399,upi,captured,2026-07-27T14:40:20
PAY_01207,ORD_01207,822768,upi,captured,2026-07-27T11:42:11
PAY_01208,ORD_01208,1015877,upi,captured,2026-07-27T21:59:23
PAY_01209,ORD_01209,895006,upi,captured,2026-07-27T18:08:08
PAY_01210,ORD_01210,44332,upi,failed,2026-07-27T19:56:31
PAY_01211,ORD_01211,1399772,upi,captured,2026-07-27T09:08:41
PAY_01212,ORD_01212,892112,card,captured,2026-07-27T19:38:59
PAY_01213,ORD_01213,912766,upi,captured,2026-07-27T14:35:52
PAY_01214,ORD_01214,963814,upi,captured,2026-07-27T14:38:00
PAY_01215,ORD_01215,1232024,upi,captured,2026-07-27T19:32:17
PAY_01216,ORD_01216,881589,netbanking,captured,2026-07-27T08:02:36
PAY_01217,ORD_01217,1033486,card,captured,2026-07-27T15:44:05
PAY_01218,ORD_01218,317979,card,captured,2026-07-27T21:48:49
PAY_01219,ORD_01219,605986,upi,failed,2026-07-27T17:05:15
PAY_01220,ORD_01220,1010802,upi,captured,2026-07-27T18:04:43
PAY_01221,ORD_01221,1348939,upi,captured,2026-07-27T17:03:57
PAY_01222,ORD_01222,740468,upi,failed,2026-07-27T15:32:57
PAY_01223,ORD_01223,1004051,upi,captured,2026-07-27T13:51:18
PAY_01224,ORD_01224,626514,upi,captured,2026-07-27T17:47:19
PAY_01225,ORD_01225,1202177,upi,captured,2026-07-27T17:10:36
PAY_01226,ORD_01226,128254,upi,captured,2026-07-27T19:39:01
PAY_01227,ORD_01227,621496,upi,captured,2026-07-27T09:54:50
PAY_01228,ORD_01228,602691,upi,captured,2026-07-27T12:54:16
PAY_01229,ORD_01229,49785,card,captured,2026-07-27T17:47:09
PAY_01230,ORD_01230,1402349,upi,captured,2026-07-27T12:50:44
PAY_01231,ORD_01231,515338,upi,captured,2026-07-27T21:02:21
PAY_01232,ORD_01232,197002,netbanking,captured,2026-07-27T21:09:53
PAY_01233,ORD_01233,1060078,card,captured,2026-07-27T14:15:42
PAY_01234,ORD_01234,943134,card,captured,2026-07-27T17:46:53
PAY_01235,ORD_01235,743676,upi,captured,2026-07-27T21:07:03
PAY_01236,ORD_01236,371483,upi,captured,2026-07-27T15:47:48
PAY_01237,ORD_01237,510023,upi,captured,2026-07-28T15:16:09
PAY_01238,ORD_01238,1132417,card,failed,2026-07-28T20:28:24
PAY_01239,ORD_01239,1442903,upi,captured,2026-07-28T08:06:58
PAY_01240,ORD_01240,1134202,upi,captured,2026-07-28T14:39:58
PAY_01241,ORD_01241,1387481,card,captured,2026-07-28T12:51:06
PAY_01242,ORD_01242,555495,upi,captured,2026-07-28T20:43:47
PAY_01243,ORD_01243,527084,card,captured,2026-07-28T11:33:21
PAY_01244,ORD_01244,1441277,upi,captured,2026-07-28T16:00:43
PAY_01245,ORD_01245,37775,card,failed,2026-07-28T09:33:06
PAY_01246,ORD_01246,1457596,upi,captured,2026-07-28T12:16:12
PAY_01247,ORD_01247,91390,upi,captured,2026-07-28T17:42:57
PAY_01248,ORD_01248,474714,netbanking,captured,2026-07-28T19:07:05
PAY_01249,ORD_01249,1288118,upi,captured,2026-07-28T18:36:51
PAY_01250,ORD_01250,407487,card,captured,2026-07-28T12:18:29
PAY_01251,ORD_01251,1405122,netbanking,captured,2026-07-28T12:49:27
PAY_01252,ORD_01252,1471693,netbanking,captured,2026-07-28T13:16:10
PAY_01253,ORD_01253,175183,upi,failed,2026-07-28T14:21:03
PAY_01254,ORD_01254,561565,netbanking,captured,2026-07-28T15:04:31
PAY_01255,ORD_01255,440833,upi,captured,2026-07-28T15:06:09
PAY_01256,ORD_01256,1153787,card,captured,2026-07-28T18:06:58
PAY_01257,ORD_01257,946063,card,captured,2026-07-28T09:04:36
PAY_01258,ORD_01258,545538,card,failed,2026-07-28T15:09:41
PAY_01259,ORD_01259,1362880,upi,failed,2026-07-28T14:17:09
PAY_01260,ORD_01260,1488122,upi,captured,2026-07-28T08:32:45
PAY_01261,ORD_01261,1049029,upi,captured,2026-07-28T19:49:51
PAY_01262,ORD_01262,167009,upi,failed,2026-07-28T19:52:49
PAY_01263,ORD_01263,1030966,upi,captured,2026-07-28T13:21:43
PAY_01264,ORD_01264,655076,upi,captured,2026-07-28T18:05:23
PAY_01265,ORD_01265,1141192,card,captured,2026-07-28T21:29:48
PAY_01266,ORD_01266,628087,upi,captured,2026-07-28T08:24:42
PAY_01267,ORD_01267,420562,upi,captured,2026-07-28T09:40:44
PAY_01268,ORD_01268,773425,upi,captured,2026-07-28T15:47:12
PAY_01269,ORD_01269,313481,upi,failed,2026-07-28T17:15:31
PAY_01270,ORD_01270,835304,upi,captured,2026-07-28T12:31:34
PAY_01271,ORD_01271,962265,netbanking,failed,2026-07-28T13:03:21
PAY_01272,ORD_01272,109788,upi,captured,2026-07-28T18:42:33
PAY_01273,ORD_01273,981272,netbanking,captured,2026-07-28T16:09:47
PAY_01274,ORD_01274,1234976,upi,failed,2026-07-28T19:09:31
PAY_01275,ORD_01275,1391184,upi,captured,2026-07-28T17:02:15
PAY_01276,ORD_01276,1490726,upi,failed,2026-07-28T18:03:57
PAY_01277,ORD_01277,664533,card,captured,2026-07-28T17:10:53
PAY_01278,ORD_01278,1259505,upi,captured,2026-07-28T09:31:38
PAY_01279,ORD_01279,1311066,upi,captured,2026-07-28T14:21:51
PAY_01280,ORD_01280,1442703,upi,captured,2026-07-28T18:36:34
PAY_01281,ORD_01281,308000,upi,captured,2026-07-28T11:48:02
PAY_01282,ORD_01282,1263789,upi,failed,2026-07-28T12:09:48
PAY_01283,ORD_01283,890641,upi,captured,2026-07-28T10:28:15
PAY_01284,ORD_01284,1240512,upi,captured,2026-07-28T21:40:39
PAY_01285,ORD_01285,808803,card,failed,2026-07-28T15:05:00
PAY_01286,ORD_01286,35149,upi,captured,2026-07-28T18:37:56
PAY_01287,ORD_01287,615028,upi,captured,2026-07-28T20:30:44
PAY_01288,ORD_01288,286112,upi,captured,2026-07-28T16:28:26
PAY_01289,ORD_01289,521751,netbanking,captured,2026-07-28T08:38:11
PAY_01290,ORD_01290,1068340,upi,captured,2026-07-28T21:50:19
PAY_01291,ORD_01291,749501,upi,captured,2026-07-28T11:07:33
PAY_01292,ORD_01292,220663,upi,captured,2026-07-28T16:32:14
PAY_01293,ORD_01293,993531,card,captured,2026-07-28T12:03:12
PAY_01294,ORD_01294,332931,upi,captured,2026-07-29T15:31:11
PAY_01295,ORD_01295,355040,upi,failed,2026-07-29T18:23:18
PAY_01296,ORD_01296,459541,upi,captured,2026-07-29T20:56:48
PAY_01297,ORD_01297,970319,upi,captured,2026-07-29T16:11:10
PAY_01298,ORD_01298,80954,upi,captured,2026-07-29T11:46:28
PAY_01299,ORD_01299,1262995,upi,captured,2026-07-29T19:43:57
PAY_01300,ORD_01300,703010,upi,captured,2026-07-29T11:06:15
PAY_01301,ORD_01301,885275,card,captured,2026-07-29T11:04:30
PAY_01302,ORD_01302,1247027,upi,captured,2026-07-29T10:13:59
PAY_01303,ORD_01303,1298074,upi,captured,2026-07-29T10:29:46
PAY_01304,ORD_01304,427172,upi,captured,2026-07-29T11:21:08
PAY_01305,ORD_01305,87307,upi,failed,2026-07-29T10:07:54
PAY_01306,ORD_01306,996296,upi,captured,2026-07-29T13:14:56
PAY_01307,ORD_01307,638998,upi,captured,2026-07-29T18:39:57
PAY_01308,ORD_01308,376380,upi,captured,2026-07-29T11:05:26
PAY_01309,ORD_01309,1114228,upi,captured,2026-07-29T17:30:53
PAY_01310,ORD_01310,990484,upi,captured,2026-07-29T19:55:15
PAY_01311,ORD_01311,539740,upi,captured,2026-07-29T17:09:58
PAY_01312,ORD_01312,1223137,card,captured,2026-07-29T08:02:30
PAY_01313,ORD_01313,1077418,upi,captured,2026-07-29T15:51:51
PAY_01314,ORD_01314,1480988,card,captured,2026-07-29T11:05:35
PAY_01315,ORD_01315,46052,upi,captured,2026-07-29T11:08:22
PAY_01316,ORD_01316,640317,upi,captured,2026-07-29T08:30:42
PAY_01317,ORD_01317,659288,upi,captured,2026-07-29T17:47:37
PAY_01318,ORD_01318,71198,netbanking,captured,2026-07-29T10:55:45
PAY_01319,ORD_01319,870102,upi,captured,2026-07-29T18:29:45
PAY_01320,ORD_01320,1348340,upi,captured,2026-07-29T14:57:44
PAY_01321,ORD_01321,718154,upi,captured,2026-07-29T20:17:44
PAY_01322,ORD_01322,1304508,upi,captured,2026-07-29T20:43:05
PAY_01323,ORD_01323,1321188,card,captured,2026-07-29T08:32:58
PAY_01324,ORD_01324,1434849,upi,failed,2026-07-29T14:23:29
PAY_01325,ORD_01325,1318416,upi,captured,2026-07-29T18:35:45
PAY_01326,ORD_01326,160521,upi,captured,2026-07-29T10:21:15
PAY_01327,ORD_01327,1151694,upi,captured,2026-07-29T20:37:55
PAY_01328,ORD_01328,1493969,upi,captured,2026-07-29T11:20:22
PAY_01329,ORD_01329,580690,upi,captured,2026-07-29T08:04:23
PAY_01330,ORD_01330,743992,upi,captured,2026-07-29T21:07:30
PAY_01331,ORD_01331,1135484,upi,captured,2026-07-29T12:28:39
PAY_01332,ORD_01332,792057,card,captured,2026-07-29T20:56:04
PAY_01333,ORD_01333,415006,card,captured,2026-07-29T09:25:57
PAY_01334,ORD_01334,394995,upi,captured,2026-07-29T09:10:17
PAY_01335,ORD_01335,254932,upi,captured,2026-07-29T21:13:33
PAY_01336,ORD_01336,1335493,upi,captured,2026-07-29T18:34:59
PAY_01337,ORD_01337,1013850,upi,captured,2026-07-30T18:01:18
PAY_01338,ORD_01338,416488,upi,captured,2026-07-30T11:53:33
PAY_01339,ORD_01339,1371975,upi,captured,2026-07-30T18:41:50
PAY_01340,ORD_01340,704314,upi,captured,2026-07-30T16:53:35
PAY_01341,ORD_01341,953770,upi,captured,2026-07-30T20:19:10
PAY_01342,ORD_01342,565275,upi,captured,2026-07-30T12:49:54
PAY_01343,ORD_01343,119235,upi,captured,2026-07-30T10:39:59
PAY_01344,ORD_01344,357200,card,captured,2026-07-30T10:53:45
PAY_01345,ORD_01345,1473031,netbanking,captured,2026-07-30T10:15:07
PAY_01346,ORD_01346,106300,netbanking,captured,2026-07-30T15:16:23
PAY_01347,ORD_01347,406917,upi,captured,2026-07-30T18:20:22
PAY_01348,ORD_01348,330261,upi,captured,2026-07-30T10:34:19
PAY_01349,ORD_01349,274783,netbanking,captured,2026-07-30T15:49:09
PAY_01350,ORD_01350,980581,netbanking,captured,2026-07-30T19:34:32
PAY_01351,ORD_01351,714745,upi,captured,2026-07-30T12:48:36
PAY_01352,ORD_01352,1418564,upi,captured,2026-07-30T15:21:44
PAY_01353,ORD_01353,255542,card,captured,2026-07-30T10:43:35
PAY_01354,ORD_01354,265106,upi,captured,2026-07-30T21:14:28
PAY_01355,ORD_01355,769508,upi,failed,2026-07-30T18:12:37
PAY_01356,ORD_01356,1124011,upi,captured,2026-07-30T12:12:01
PAY_01357,ORD_01357,195299,upi,captured,2026-07-30T18:05:32
PAY_01358,ORD_01358,847166,upi,captured,2026-07-30T17:32:03
PAY_01359,ORD_01359,1418310,upi,captured,2026-07-30T21:27:23
PAY_01360,ORD_01360,829736,upi,captured,2026-07-30T13:19:28
PAY_01361,ORD_01361,1196571,upi,captured,2026-07-30T15:47:26
PAY_01362,ORD_01362,947998,upi,captured,2026-07-30T14:46:57
PAY_01363,ORD_01363,888627,upi,captured,2026-07-30T09:09:13
PAY_01364,ORD_01364,655921,upi,captured,2026-07-30T13:04:59
PAY_01365,ORD_01365,1258743,card,captured,2026-07-30T14:40:58
PAY_01366,ORD_01366,593212,upi,captured,2026-07-30T19:36:48
PAY_01367,ORD_01367,307156,upi,captured,2026-07-30T12:35:31
PAY_01368,ORD_01368,108568,card,captured,2026-07-30T17:19:31
PAY_01369,ORD_01369,1192897,card,captured,2026-07-30T20:00:09
PAY_01370,ORD_01370,570873,upi,captured,2026-07-30T18:30:07
PAY_01371,ORD_01371,1391145,upi,captured,2026-07-30T10:31:58
PAY_01372,ORD_01372,1462511,upi,failed,2026-07-30T20:17:31
PAY_01373,ORD_01373,159932,upi,captured,2026-07-30T15:36:27
PAY_01374,ORD_01374,560879,upi,captured,2026-07-30T19:52:07
PAY_01375,ORD_01375,802661,upi,captured,2026-07-30T21:16:10
PAY_01376,ORD_01376,1239817,upi,captured,2026-07-30T19:08:22
PAY_01377,ORD_01377,362483,upi,captured,2026-07-30T18:58:22
PAY_01378,ORD_01378,122162,upi,captured,2026-07-30T09:32:12
PAY_01379,ORD_01379,1337074,upi,captured,2026-07-30T20:10:34
PAY_01380,ORD_01380,696555,card,captured,2026-07-30T18:51:19
